,hostname,requests
0,,1256
1,ec2-100-25-160-27.compute-1.amazonaws.com,14
2,scanner-27.ch1.censys-scanner.com,10
3,scanner-06.ch1.censys-scanner.com,10
4,scanner-08.ch1.censys-scanner.com,8
5,ctr537555.kevinta.com,8
6,internettl.org,6
7,scanner-07.ch1.censys-scanner.com,6
8,scanner-05.ch1.censys-scanner.com,6
9,scanner-09.ch1.censys-scanner.com,6
10,mail.fanspot.co.uk,6
11,scanner-26.ch1.censys-scanner.com,5
12,ec2-161-189-134-11.cn-northwest-1.compute.amazonaws.com.cn,5
13,security.criminalip.com,5
14,probe-ny001.rand0.leakix.org,5
15,ec2-18-185-20-243.eu-central-1.compute.amazonaws.com,4
16,ec2-161-189-192-94.cn-northwest-1.compute.amazonaws.com.cn,4
17,dynamic-ip-adsl.metfone.com.kh,4
18,unixserv.eu,4
19,ip163.ip-167-114-62.net,3
20,crd.bi.zone,3
21,222-245-115-208.static.reverse.lstn.net,3
22,hn.kd.ny.adsl,3
23,mx14346.mercadolivresubmit.xyz,3
24,ip-200-149-171-62.static.contabo.net,3
25,45-137-21-166.hosted-by-rootlayer.net,3
26,g.authmpacess.com,3
27,20.82.146.217.baremetal.zare.com,3
28,mail4.iutyhj4236.info,3
29,23-95-100-141-host.colocrossing.com,3
30,mail0.baniuntex.com,2
31,jerry-se-do-na-east-e16b-7.do.binaryedge.ninja,2
32,static.bkdata.vn,2
33,blue2.census.shodan.io,2
34,96.176.222.162.bc.googleusercontent.com,2
35,li262-153.members.linode.com,2
36,ec2-52-77-255-203.ap-southeast-1.compute.amazonaws.com,2
37,cloud.lzm.one,2
38,Longyangfm.cn,2
39,211-75-111-228.hinet-ip.hinet.net,2
40,hat.census.shodan.io,2
41,vmi819300.contaboserver.net,2
42,176.107.188.167.deltahost-ptr,2
43,vmi848599.contaboserver.net,2
44,static.readycheapcloud.com,2
45,uth.fashionbyhappy.com,2
46,172-104-140-107.ip.linodeusercontent.com,2
47,ec2-18-142-146-216.ap-southeast-1.compute.amazonaws.com,2
48,scanner-25.ch1.censys-scanner.com,2
49,230-7-31-64.static.reverse.lstn.net,2
50,ec2-54-89-66-240.compute-1.amazonaws.com,2
51,scan-56-1.security.ipip.net,2
52,9.91.89.34.bc.googleusercontent.com,2
53,ec2-18-231-123-185.sa-east-1.compute.amazonaws.com,2
54,ec2-54-254-155-213.ap-southeast-1.compute.amazonaws.com,2
55,blue.census.shodan.io,2
56,ec2-3-1-24-68.ap-southeast-1.compute.amazonaws.com,2
57,ec2-13-251-60-228.ap-southeast-1.compute.amazonaws.com,2
58,198-46-171-11-host.colocrossing.com,2
59,probe-ca001.rand0.leakix.org,2
60,goldfish.census.shodan.io,2
61,border.census.shodan.io,2
62,vyvyzqhf.cn,2
63,ec2-3-16-161-138.us-east-2.compute.amazonaws.com,2
64,ip11.ip-51-81-159.us,2
65,ip21.ip-15-204-18.us,2
66,deepscan.iostation.io,2
67,sky.census.shodan.io,2
68,ec2-18-138-51-91.ap-southeast-1.compute.amazonaws.com,2
69,jerry-se-do-eu-central-e16b-8.do.binaryedge.ninja,2
70,89fyghjk12-24-1.xyz,2
71,ec2-3-238-245-87.compute-1.amazonaws.com,2
72,198-12-76-218-host.colocrossing.com,2
73,uwin58.cc,2
74,guacamoleniggapenis.xyz,2
75,138-7-31-64.static.reverse.lstn.net,2
76,tor2-exit.minecon724.pl,2
77,61-219-11-151.hinet-ip.hinet.net,2
78,census2.shodan.io,2
79,im-retarded-kill-me,2
80,214-245-115-208.static.reverse.lstn.net,2
81,ec2-44-242-159-108.us-west-2.compute.amazonaws.com,2
82,net.joostjansen.ml,2
83,zg-0308b-142.stretchoid.com,1
84,cpe-173-92-137-244.carolina.res.rr.com,1
85,host53.181-90-21.telecom.net.ar,1
86,zg-0308c-1.stretchoid.com,1
87,ec2-3-89-217-251.compute-1.amazonaws.com,1
88,static-201-163-96-158.alestra.net.mx,1
89,net-2-38-192-197.cust.vodafonedsl.it,1
90,zg-0308c-106.stretchoid.com,1
91,95.118.218.193.urdn.com.ua,1
92,117-10-18-190.fibertel.com.ar,1
93,hosted-by.spectraip.net,1
94,scan-20.shadowserver.org,1
95,55.111.68.116.asianet.co.in,1
96,zg-0308e-108.stretchoid.com,1
97,54-128.206.104.serverhubrdns.in-addr.arpa,1
98,122.red-81-39-111.dynamicip.rima-tde.net,1
99,ip6.50-31-21.static.steadfastdns.net,1
100,45.77.239.190.vultrusercontent.com,1
101,zg-0308a-95.stretchoid.com,1
102,95.9.163.201.static.ttnet.com.tr,1
103,dev.ivorsoftware.com,1
104,ec2-54-186-53-206.us-west-2.compute.amazonaws.com,1
105,26-128.206.104.serverhubrdns.in-addr.arpa,1
106,host247.186-152-231.telecom.net.ar,1
107,212.156.222.41.static.turktelekom.com.tr,1
108,85.105.80.109.static.ttnet.com.tr,1
109,static-adsl201-184-49-237.une.net.co,1
110,ec2-44-234-125-1.us-west-2.compute.amazonaws.com,1
111,li474-214.members.linode.com,1
112,ec2-35-86-241-29.us-west-2.compute.amazonaws.com,1
113,ec2-44-234-85-122.us-west-2.compute.amazonaws.com,1
114,ip28.ip-15-204-5.us,1
115,ec2-34-227-17-28.compute-1.amazonaws.com,1
116,zg-0308e-107.stretchoid.com,1
117,li781-6.members.linode.com,1
118,ec2-34-239-113-238.compute-1.amazonaws.com,1
119,85.109.95.140.dynamic.ttnet.com.tr,1
120,114-33-214-134.hinet-ip.hinet.net,1
121,static.218.170.130.94.clients.your-server.de,1
122,zg-0308b-65.stretchoid.com,1
123,9.133.241.35.bc.googleusercontent.com,1
124,45-79-160-173.ip.linodeusercontent.com,1
125,11-140-212-190.enitel.net.ni,1
126,78.186.40.134.static.ttnet.com.tr,1
127,ec2-34-224-94-241.compute-1.amazonaws.com,1
128,201-190-194-66.supercanal.com.ar,1
129,22-128.206.104.serverhubrdns.in-addr.arpa,1
130,zg-0308a-153.stretchoid.com,1
131,zg-0308d-150.stretchoid.com,1
132,zg-0308e-33.stretchoid.com,1
133,zg-0308e-26.stretchoid.com,1
134,78.187.220.44.dynamic.ttnet.com.tr,1
135,170-187-154-145.ip.linodeusercontent.com,1
136,jerry-se-li-ap-south-scanners-15.li.binaryedge.ninja,1
137,winnti-scanner-victims-will-be-notified.threatsinkhole.com,1
138,pool-72-65-238-208.pitbpa.fios.verizon.net,1
139,ec2-34-223-109-188.us-west-2.compute.amazonaws.com,1
140,maxihost.com,1
141,host210-216-21-89.convergenze.it,1
142,180.30.130.223.netplus.co.in,1
143,parkerondemand.net,1
144,82-64-2-141.subs.proxad.net,1
145,pc-141-15-100-190.cm.vtr.net,1
146,178-79-157-121.ip.linodeusercontent.com,1
147,104-149-173-134-hostedby.zenex5.net,1
148,internet-scanner.eset.com,1
149,invoice.accountingsecurities.com,1
150,ec2-35-87-158-28.us-west-2.compute.amazonaws.com,1
151,li-lon-uk-gd1-wk104.internet-census.org,1
152,170-55-189-190.cab.prima.net.ar,1
153,zg-0308a-72.stretchoid.com,1
154,zg-0308b-137.stretchoid.com,1
155,edc11.app-autht.com,1
156,upc.si.94.140.79.59.dc.cable.static.telemach.net,1
157,catv-89-133-14-48.catv.fixed.vodafone.hu,1
158,smtp42.kcmoa.com,1
159,ec2-35-84-144-167.us-west-2.compute.amazonaws.com,1
160,ip68-100-21-79.dc.dc.cox.net,1
161,zg-0308d-151.stretchoid.com,1
162,78.187.16.111.dynamic.ttnet.com.tr,1
163,zg-0308e-189.stretchoid.com,1
164,zg-0308b-120.stretchoid.com,1
165,90-160-108-213-static.pro-com.cz,1
166,212-71-251-203.ip.linodeusercontent.com,1
167,ec2-18-207-113-20.compute-1.amazonaws.com,1
168,ec2-18-118-171-205.us-east-2.compute.amazonaws.com,1
169,zg-0308e-129.stretchoid.com,1
170,172.94.90.34.bc.googleusercontent.com,1
171,70-128.206.104.serverhubrdns.in-addr.arpa,1
172,88-80-186-144.ip.linodeusercontent.com,1
173,198-23-219-109-host.colocrossing.com,1
174,net-2-38-138-232.cust.vodafonedsl.it,1
175,cloud-354.hosteur.com,1
176,30-128.206.104.serverhubrdns.in-addr.arpa,1
177,tor-exit-13.zbau.f3netze.de,1
178,vmi845042.contaboserver.net,1
179,0526B4BB.dsl.pool.telekom.hu,1
180,178-79-169-27.ip.linodeusercontent.com,1
181,23-94-186-32-host.colocrossing.com,1
182,165.11.69.91.rev.sfr.net,1
183,ec2-35-171-162-28.compute-1.amazonaws.com,1
184,ec2-34-222-137-93.us-west-2.compute.amazonaws.com,1
185,sv-84194.bkns.vn,1
186,135.101.141.34.bc.googleusercontent.com,1
187,patron-v7.0.5-s-2vcpu-4gb-sfo1-01,1
188,pc-122-9-46-190.cm.vtr.net,1
189,c-68-32-183-249.hsd1.mi.comcast.net,1
190,192-3-221-154-host.colocrossing.com,1
191,222.97.68.116.asianet.co.in,1
192,ip4-95-82-169-109.cust.nbox.cz,1
193,198-46-142-215-host.colocrossing.com,1
194,15.253.33.171.ip.orionnet.ru,1
195,hosting-by.4cloud.mobi,1
196,ec2-52-87-206-188.compute-1.amazonaws.com,1
197,li-dal-us-gd1-wk102.internet-census.org,1
198,ec2-3-236-77-134.compute-1.amazonaws.com,1
199,maxko-hosting.com,1
200,static-198-54-133-43.cust.tzulo.com,1
201,tor41.quintex.com,1
202,h-37-123-163-58.A785.priv.bahnhof.se,1
203,36-233-154-196.dynamic-ip.hinet.net,1
204,youngster-loan.outreachratio.com,1
205,ec2-107-23-46-174.compute-1.amazonaws.com,1
206,feer9.taxeight.com,1
207,ec2-35-88-249-99.us-west-2.compute.amazonaws.com,1
208,gates7.verwaltungsaktnews.org,1
209,170-187-141-29.ip.linodeusercontent.com,1
210,m121-202-148-119.smartone.com,1
211,satsz.com,1
212,72-24-232-82.cpe.sparklight.net,1
213,ec2-107-21-12-188.compute-1.amazonaws.com,1
214,mail.kvl.hu,1
215,net-188-217-196-9.cust.vodafonedsl.it,1
216,189-112-143-134.static.ctbctelecom.com.br,1
217,187-17-201-59.dinamico-dracena.abcrede.net.br,1
218,lfbn-nic-1-630-201.w90-118.abo.wanadoo.fr,1
219,178-79-169-253.ip.linodeusercontent.com,1
220,23-95-246-102-host.colocrossing.com,1
221,203.61.146.159.srv.turk.net,1
222,research-scanner-dfn89.nds.ruhr-uni-bochum.de,1
223,225-17-19-190.fibertel.com.ar,1
224,ec2-13-57-24-136.us-west-1.compute.amazonaws.com,1
225,hosted-by.packetguard.org,1
226,internet-por-fibra-7-85-179.telemontv.com,1
227,ec2-18-224-67-31.us-east-2.compute.amazonaws.com,1
228,65-207-17-223-on-nets.com,1
229,tor38.quintex.com,1
230,172-104-159-48.ip.linodeusercontent.com,1
231,scan-08.shadowserver.org,1
232,static-3248847982.poda.cz,1
233,mx12.decrease365272.xyz,1
234,ec2-44-197-234-144.compute-1.amazonaws.com,1
235,ec2-3-21-241-32.us-east-2.compute.amazonaws.com,1
236,ec2-18-119-14-164.us-east-2.compute.amazonaws.com,1
237,190-106-98-174.airsat.com.ar,1
238,ec2-18-188-8-50.us-east-2.compute.amazonaws.com,1
239,equ1a3l.equalsure.website,1
240,98.138.226.5.baremetal.zare.com,1
241,88.24.41.103.netplus.co.in,1
242,fibhost-66-225-22.fibernet.hu,1
243,static-dsl-170.87-197-100.telecom.sk,1
244,scan-03.shadowserver.org,1
245,ec2-18-222-7-61.us-east-2.compute.amazonaws.com,1
246,ec2-35-88-20-117.us-west-2.compute.amazonaws.com,1
247,ec2-18-224-95-248.us-east-2.compute.amazonaws.com,1
248,94-46-246-104.as42831.net,1
249,78.188.89.222.static.ttnet.com.tr,1
250,ec2-18-205-25-37.compute-1.amazonaws.com,1
251,245.111.68.116.asianet.co.in,1
252,sh-chi-us-gp1-wk104.internet-census.org,1
253,zg-0308d-48.stretchoid.com,1
254,zg-0308c-178.stretchoid.com,1
255,zg-0308c-5.stretchoid.com,1
256,139-162-255-52.ip.linodeusercontent.com,1
257,ip231.ip-54-36-154.eu,1
258,112.191.134.77.rev.sfr.net,1
259,223-197-238-13.static.imsbiz.com,1
260,163-172-108-177.rev.poneytelecom.eu,1
261,ec2-15-223-30-107.ca-central-1.compute.amazonaws.com,1
262,mgf20.postcross.us,1
263,ec2-18-204-11-12.compute-1.amazonaws.com,1
264,199.34.28.38.hosted.at.cloudsouth.com,1
265,unn-84-17-45-160.cdn77.com,1
266,107-175-87-164-host.colocrossing.com,1
267,ec2-13-212-111-170.ap-southeast-1.compute.amazonaws.com,1
268,185.173.35.53.netsystemsresearch.com,1
269,45-137-21-208.hosted-by-rootlayer.net,1
270,95.9.206.115.static.ttnet.com.tr,1
271,scan-18.shadowserver.org,1
272,ec2-44-200-74-194.compute-1.amazonaws.com,1
273,piper.probe.onyphe.net,1
274,park.probe.onyphe.net,1
275,100.123.14.202.netplus.co.in,1
276,ec2-54-251-150-21.ap-southeast-1.compute.amazonaws.com,1
277,95-173-224-86.milleni.com.tr,1
278,823871-cp75644.tmweb.ru,1
279,ec2-54-146-228-249.compute-1.amazonaws.com,1
280,77-121-92-243.zap.volia.net,1
281,host11.186-13-128.telmex.net.ar,1
282,81-163-8-28.net.lasnet.pl,1
283,fusionhub.vmdk-s-1vcpu-1gb-nyc1-01,1
284,cust-178.17.3.188.uvt.cz,1
285,ec2-52-53-198-84.us-west-1.compute.amazonaws.com,1
286,tor-exit-146.relayon.org,1
287,ec2-3-81-138-159.compute-1.amazonaws.com,1
288,197-142-29-181.fibertel.com.ar,1
289,ec2-15-223-33-136.ca-central-1.compute.amazonaws.com,1
290,23-95-63-207-host.colocrossing.com,1
291,order.shipitwith.us,1
292,38-128.206.104.serverhubrdns.in-addr.arpa,1
293,78.173.29.88.dynamic.ttnet.com.tr,1
294,ec2-35-160-165-243.us-west-2.compute.amazonaws.com,1
295,zg-0308d-63.stretchoid.com,1
296,host-79-47-252-29.retail.telecomitalia.it,1
297,85.105.92.190.static.ttnet.com.tr,1
298,zg-0308a-190.stretchoid.com,1
299,zg-0308c-62.stretchoid.com,1
300,zg-0308c-185.stretchoid.com,1
301,edc20.mailaips.com,1
302,34-128.206.104.serverhubrdns.in-addr.arpa,1
303,niyah.probe.onyphe.net,1
304,88.225.212.146.static.ttnet.com.tr,1
305,ahmad.probe.onyphe.net,1
306,45-90-222-233-hostedby.bcr.host,1
307,p4fe9a6e5.dip0.t-ipconnect.de,1
308,58-128.206.104.serverhubrdns.in-addr.arpa,1
309,ec2-44-203-3-162.compute-1.amazonaws.com,1
310,fahrrad-hansen.com,1
311,li1509-155.members.linode.com,1
312,212-71-232-35.ip.linodeusercontent.com,1
313,zg-0308d-163.stretchoid.com,1
314,ec2-3-85-171-70.compute-1.amazonaws.com,1
315,ec2-107-21-143-17.compute-1.amazonaws.com,1
316,85.99.255.147.static.ttnet.com.tr,1
317,81.215.62.89.dynamic.ttnet.com.tr,1
318,vps-cfa53ec3.vps.ovh.ca,1
319,IN-84-15-138-217.bitemobile.lv,1
320,sh-chi-us-gp1-wk102.internet-census.org,1
321,host-87-17-169-149.retail.telecomitalia.it,1
322,vmi761896.contaboserver.net,1
323,192-3-221-149-host.colocrossing.com,1
324,fttx-177136133123.usr.predialnet.com.br,1
325,host-188-14-127-133.business.telecomitalia.it,1
326,104-168-32-20-host.colocrossing.com,1
327,unn-156-146-54-57.cdn77.com,1
328,zg-0308c-154.stretchoid.com,1
329,scan-3.exploit-tracker.com,1
330,host-218.45.75.109.ucom.am,1
331,catv-80-98-179-165.catv.fixed.vodafone.hu,1
332,ec2-18-136-193-106.ap-southeast-1.compute.amazonaws.com,1
333,181.pool207-66-33.dynamic.orange.es,1
334,be4bf615-fdd5-4987-bc92-26434fa0a945.fr-par-2.baremetal.scw.cloud,1
335,ec2-44-201-113-122.compute-1.amazonaws.com,1
336,88.247.90.105.static.ttnet.com.tr,1
337,155.94.149.180.static.quadranet.com,1
338,27.0.133.34.bc.googleusercontent.com,1
339,149.101.234.35.bc.googleusercontent.com,1
340,ec2-34-219-153-197.us-west-2.compute.amazonaws.com,1
341,cpe-181-47-236-70.telecentro-reversos.com.ar,1
342,sn3-168.boglarnet.hu,1
343,cpe90-146-114-10.liwest.at,1
344,ec2-3-83-179-62.compute-1.amazonaws.com,1
345,zg-0308c-28.stretchoid.com,1
346,192-3-154-59-host.colocrossing.com,1
347,61-219-11-152.hinet-ip.hinet.net,1
348,zg-0308b-116.stretchoid.com,1
349,ec2-18-144-170-49.us-west-1.compute.amazonaws.com,1
350,91-82-235-209.pool.digikabel.hu,1
351,crawl-66-249-64-166.googlebot.com,1
352,crawl-66-249-64-170.googlebot.com,1
353,no-reverse-dns-configured.com,1
354,zg-0308e-161.stretchoid.com,1
355,static.vnpt.vn,1
356,no-reverse-yet.local,1
357,sv-84222.bkns.vn,1
358,ip231.208-100-26.static.steadfastdns.net,1
359,sv-84236.bkns.vn,1
360,ec2-3-144-235-233.us-east-2.compute.amazonaws.com,1
361,shpd-92-101-132-31.vologda.ru,1
362,95.5.110.72.static.ttnet.com.tr,1
363,ec2-3-133-142-28.us-east-2.compute.amazonaws.com,1
364,192-210-146-122-host.colocrossing.com,1
365,45-33-95-71.ip.linodeusercontent.com,1
366,host-94-230-71-213.as48500.net,1
367,10.5.145.34.bc.googleusercontent.com,1
368,114-24-113-111.dynamic-ip.hinet.net,1
369,onion.xor.sc,1
370,ec2-13-38-36-177.eu-west-3.compute.amazonaws.com,1
371,bcable.lim.cablenet-as.net,1
372,ec2-52-196-244-202.ap-northeast-1.compute.amazonaws.com,1
373,pop-152.192.escom.bg,1
374,server.sandrasins.net,1
375,175-242-195-190.cab.prima.net.ar,1
376,ec2-18-135-13-12.eu-west-2.compute.amazonaws.com,1
377,ec2-35-172-33-183.compute-1.amazonaws.com,1
378,176-58-101-233.ip.linodeusercontent.com,1
379,lfbn-dij-1-652-170.w90-100.abo.wanadoo.fr,1
380,static-96-243-27-61.bflony.fios.verizon.net,1
381,ec2-44-242-159-115.us-west-2.compute.amazonaws.com,1
382,shpd-178-69-120-100.vologda.ru,1
383,95.9.174.20.static.ttnet.com.tr,1
384,hosted-by.rootlayer.net,1
385,172-105-131-142.ip.linodeusercontent.com,1
386,zg-0308c-196.stretchoid.com,1
387,ec2-3-235-20-133.compute-1.amazonaws.com,1
388,vmi604921.contaboserver.net,1
389,90.232.6.51.dyn.plus.net,1
390,zg-0308b-136.stretchoid.com,1
391,zg-0308d-144.stretchoid.com,1
392,zg-0308e-166.stretchoid.com,1
393,zg-0308a-60.stretchoid.com,1
394,ec2-52-90-241-105.compute-1.amazonaws.com,1
395,email.smart.edu.rs,1
396,host-134-90-237-242.as48500.net,1
397,69-42-235-82.rrt.stellarllc.net,1
398,52-119-114-165.PUBLIC.monkeybrains.net,1
399,075-134-140-113.res.spectrum.com,1
400,static-50-53-51-105.bvtn.or.ptr.ziplyfiber.com,1
401,94-39-222-211.adsl-ull.clienti.tiscali.it,1
402,d755e.rederatural.com,1
403,185-220-102-247.torservers.net,1
404,static.204.47.itcsa.net,1
405,5-37-170-181.fibertel.com.ar,1
406,ec2-34-228-31-183.compute-1.amazonaws.com,1
407,12.30.130.223.netplus.co.in,1
408,ip155.ip-149-56-234.net,1
409,ec2-35-84-196-71.us-west-2.compute.amazonaws.com,1
410,179-40-33-101.mrse.com.ar,1
411,vps-0b6d1c57.vps.ovh.net,1
412,static.236.71.181.135.clients.your-server.de,1
413,ec2-3-83-81-2.compute-1.amazonaws.com,1
414,zg-0308c-144.stretchoid.com,1
415,ti0181q160-0682.bb.online.no,1
416,zg-0308a-108.stretchoid.com,1
417,cpe-186-19-182-171.telecentro-reversos.com.ar,1
418,62.120.125.34.bc.googleusercontent.com,1
419,ec2-174-129-68-173.compute-1.amazonaws.com,1
420,178-79-159-254.ip.linodeusercontent.com,1
421,adsl-229-188.elcom.ru,1
422,zg-0308a-89.stretchoid.com,1
423,cas1a3l.cascadecool.press,1
424,85.104.58.74.dynamic.ttnet.com.tr,1
425,li193-92.members.linode.com,1
426,103-178-236-40.hosted-by-rootlayer.net,1
427,199.157.90.34.bc.googleusercontent.com,1
428,zg-0308c-90.stretchoid.com,1
429,zg-0308d-136.stretchoid.com,1
430,zg-0308b-85.stretchoid.com,1
431,77-24-171-152.fibertel.com.ar,1
432,zg-0308b-139.stretchoid.com,1
433,ec2-3-26-163-115.ap-southeast-2.compute.amazonaws.com,1
434,143.96.205.35.bc.googleusercontent.com,1
435,zg-0308e-91.stretchoid.com,1
436,host-79-7-228-42.business.telecomitalia.it,1
437,zg-0308e-126.stretchoid.com,1
438,ec2-54-246-64-181.eu-west-1.compute.amazonaws.com,1
439,host-95-238-0-146.retail.telecomitalia.it,1
440,139-162-217-217.ip.linodeusercontent.com,1
441,178.113.101.34.bc.googleusercontent.com,1
442,zg-0308c-155.stretchoid.com,1
443,ec2-44-229-42-40.us-west-2.compute.amazonaws.com,1
444,netacc-gpn-104-10-211.pool.telenor.hu,1
445,217.157.141.34.bc.googleusercontent.com,1
446,210.138.133.34.bc.googleusercontent.com,1
447,047-032-225-027.res.spectrum.com,1
448,h191-ipv4-88-214-46.mynet.it,1
449,scan-40a.shadowserver.org,1
450,pool-173-67-188-42.hrbgpa.fios.verizon.net,1
451,ec2-3-230-151-241.compute-1.amazonaws.com,1
452,106.249.241.35.bc.googleusercontent.com,1
453,zg-0308d-28.stretchoid.com,1
454,ju413.jupiter.dedicated.server-hosting.expert,1
455,jerry-se-li-ap-central-scanners-28.li.binaryedge.ninja,1
456,jerry-se-do-eu-west-scanners-22.do.binaryedge.ninja,1
457,li2038-209.members.linode.com,1
458,zg-0308c-179.stretchoid.com,1
459,ec2-54-190-118-46.us-west-2.compute.amazonaws.com,1
460,prod-nyc3-2.qencode-encoder-94ef7796bbcd11ec962862b78d0049ec,1
461,c-67-186-240-238.hsd1.ut.comcast.net,1
462,zg-0308d-129.stretchoid.com,1
463,78.188.232.216.static.ttnet.com.tr,1
464,zg-0308c-162.stretchoid.com,1
465,zg-0308a-114.stretchoid.com,1
466,ec2-52-67-69-173.sa-east-1.compute.amazonaws.com,1
467,sh-ams-nl-gp1-wk112.internet-census.org,1
468,ip115.ip-217-182-247.eu,1
469,185.173.35.37.netsystemsresearch.com,1
470,zg-0308e-144.stretchoid.com,1
471,ec2-34-245-113-207.eu-west-1.compute.amazonaws.com,1
472,ec2-34-208-241-237.us-west-2.compute.amazonaws.com,1
473,vps.5.snthostings.com,1
474,ec2-44-242-144-154.us-west-2.compute.amazonaws.com,1
475,78.188.70.103.static.ttnet.com.tr,1
476,vmi823646.contaboserver.net,1
477,192-210-163-15-host.colocrossing.com,1
478,catv-80-98-95-128.catv.fixed.vodafone.hu,1
479,45-33-99-138.ip.linodeusercontent.com,1
480,zg-0308a-166.stretchoid.com,1
481,zg-0308b-16.stretchoid.com,1
482,239.121.188.35.bc.googleusercontent.com,1
483,85.255.223.35.bc.googleusercontent.com,1
484,tor-exit.riverside.rocks,1
485,ec2-3-218-208-252.compute-1.amazonaws.com,1
486,scanner2.portscan.work,1
487,zg-0308a-30.stretchoid.com,1
488,14-8-31-64.static.reverse.lstn.net,1
489,mta-98-11-146-65.stny.rr.com,1
490,ec2-34-207-177-56.compute-1.amazonaws.com,1
491,catv-89-134-179-168.catv.fixed.vodafone.hu,1
492,ec2-18-223-108-49.us-east-2.compute.amazonaws.com,1
493,static-adsl201-184-89-98.une.net.co,1
494,ec2-35-88-101-32.us-west-2.compute.amazonaws.com,1
495,ec2-18-162-225-124.ap-east-1.compute.amazonaws.com,1
496,194-7-31-64.static.reverse.lstn.net,1
497,jerry-se-do-na-east-scanners-9.do.binaryedge.ninja,1
498,172-245-186-189-host.colocrossing.com,1
499,70.34.204.111.vultrusercontent.com,1
500,zg-0308c-182.stretchoid.com,1
501,86.231.95.34.bc.googleusercontent.com,1
502,m121-202-129-48.smartone.com,1
503,78.188.181.11.static.ttnet.com.tr,1
504,73.207.80.34.bc.googleusercontent.com,1
505,185.173.35.61.netsystemsresearch.com,1
506,mail0.shoppamisa.com,1
507,ec2-184-72-179-51.compute-1.amazonaws.com,1
508,host-46-23-61-132.maxtel.cz,1
509,ipoe-194.247.178.81.iks.dn.ua,1
510,zl-ams-nl-gp1-wk129.internet-census.org,1
511,zg-0308d-96.stretchoid.com,1
512,zg-0308b-129.stretchoid.com,1
513,176-58-107-203.ip.linodeusercontent.com,1
514,host16.181-239-75.telmex.net.ar,1
515,255.188.237.35.bc.googleusercontent.com,1
516,113.135.196.104.bc.googleusercontent.com,1
517,55.177.229.35.bc.googleusercontent.com,1
518,zg-0308a-86.stretchoid.com,1
519,zg-0308e-156.stretchoid.com,1
520,88-101-249-217.rcg.o2.cz,1
521,061238242222.static.ctinets.com,1
522,178-79-148-229.ip.linodeusercontent.com,1
523,zg-0308a-110.stretchoid.com,1
524,smtp10.dsesa.xyz,1
525,uksafemail04.bakomoatrolare.com,1
526,ip-97-74-84-214.ip.secureserver.net,1
527,li-syd-au-gd4-wk108.internet-census.org,1
528,ec2-44-242-146-115.us-west-2.compute.amazonaws.com,1
529,209-111-191-190.cab.prima.net.ar,1
530,customer-static-189-229-164.iplannetworks.net,1
531,zg-0308d-154.stretchoid.com,1
532,li-lon-uk-gd4-wk105a.internet-census.org,1
533,b-internet.176.51.145.48.nsk.rt.ru,1
534,89.205.35.146.robi.com.mk,1
535,88.249.232.123.static.ttnet.com.tr,1
536,104-168-65-245-host.colocrossing.com,1
537,host-79-10-12-212.business.telecomitalia.it,1
538,zg-0308c-137.stretchoid.com,1
539,96.235.66.34.bc.googleusercontent.com,1
540,zg-0308a-130.stretchoid.com,1
541,zg-0308a-142.stretchoid.com,1
542,ipv6.vpn.ale,1
543,vtz93-1_migr-88-125-174-227.fbx.proxad.net,1
544,ec2-44-201-143-162.compute-1.amazonaws.com,1
545,ec2-54-193-112-89.us-west-1.compute.amazonaws.com,1
546,scan-13o.shadowserver.org,1
547,76.2.72.34.bc.googleusercontent.com,1
548,srv1.mailserver.to,1
549,43x232x1x133.ap43.ftth.ucom.ne.jp,1
550,implant-scanner-victims-will-be-notified.threatsinkhole.com,1
551,23.162.155.107.static.reverse.as19531.net,1
552,19.254.75.34.bc.googleusercontent.com,1
553,zl-ams-nl-gd8-wk101.internet-census.org,1
554,hosted-by.mchost.ru,1
555,zg-0308a-31.stretchoid.com,1
556,scan-02.shadowserver.org,1
557,zl-ams-nl-gp3-wk101a.internet-census.org,1
558,12.130.96.34.bc.googleusercontent.com,1
559,ns6.anahowalife.net,1
560,hosted-by.Eqservers.com,1
561,7.130.96.34.bc.googleusercontent.com,1
562,28.35.86.34.bc.googleusercontent.com,1
563,26.130.96.34.bc.googleusercontent.com,1
564,scan-19.shadowserver.org,1
565,212-83-164-102.rev.poneytelecom.eu,1
566,3.35.86.34.bc.googleusercontent.com,1
567,ec2-13-57-217-201.us-west-1.compute.amazonaws.com,1
568,227.56.154.212.static.turk.net,1
569,78.189.169.149.static.ttnet.com.tr,1
570,e2e-dbaas-mongodb-ujty5-r-b9a997b1.mongo.ondigitalocean.com,1
571,ec2-34-229-76-53.compute-1.amazonaws.com,1
572,209.17.96.58.rdns.cloudsystemnetworks.com,1
573,vmi810284.contaboserver.net,1
574,26.35.86.34.bc.googleusercontent.com,1
575,209.17.97.66.rdns.cloudsystemnetworks.com,1
576,74-117-196-96.static.as398493.net,1
577,scan018.intrinsec.com,1
578,mx4.creative3dweb.com,1
579,ec2-52-55-219-187.compute-1.amazonaws.com,1
580,silence.griickow.vip,1
581,app1a3l.applematcher.press,1
582,vps-c109dbb8.vps.ovh.us,1
583,ec2-13-38-80-19.eu-west-3.compute.amazonaws.com,1
584,ec2-3-139-86-28.us-east-2.compute.amazonaws.com,1
585,209.17.96.146.rdns.cloudsystemnetworks.com,1
586,10.162.77.34.bc.googleusercontent.com,1
587,31.35.86.34.bc.googleusercontent.com,1
588,ubtuntu20236116.aspadmin.net,1
589,hostglobal50env3.com,1
590,ns409406.ip-37-187-139.eu,1
591,30.130.96.34.bc.googleusercontent.com,1
592,zg-0308a-157.stretchoid.com,1
593,ec2-3-25-82-28.ap-southeast-2.compute.amazonaws.com,1
594,zg-0308a-138.stretchoid.com,1
595,zg-0308a-116.stretchoid.com,1
596,c-74-91-115-181.premium-chicago.nfoservers.com,1
597,151-236-220-218.ip.linodeusercontent.com,1
598,ec2-52-87-225-36.compute-1.amazonaws.com,1
599,74-128.206.104.serverhubrdns.in-addr.arpa,1
600,69-121-230-181.cab.prima.com.ar,1
601,ec2-54-87-243-187.compute-1.amazonaws.com,1
602,kvm259.is.cc,1
603,srv192-vps-st.jino.ru,1
604,209.17.97.26.rdns.cloudsystemnetworks.com,1
605,zl-lax-us-gp3-wk106b.internet-census.org,1
606,m1789.contaboserver.net,1
607,185.173.35.5.netsystemsresearch.com,1
608,ec2-35-80-18-223.us-west-2.compute.amazonaws.com,1
609,29.162.77.34.bc.googleusercontent.com,1
610,209.17.96.18.rdns.cloudsystemnetworks.com,1
611,zg-0308b-61.stretchoid.com,1
612,zg-0308a-24.stretchoid.com,1
613,6.130.96.34.bc.googleusercontent.com,1
614,31.130.96.34.bc.googleusercontent.com,1
615,22.130.96.34.bc.googleusercontent.com,1
616,ec2-54-177-7-116.us-west-1.compute.amazonaws.com,1
617,29.35.86.34.bc.googleusercontent.com,1
618,sh-chi-us-gp1-wk101.internet-census.org,1
619,sh-ams-nl-gd12-wk103.internet-census.org,1
620,ec2-44-201-92-181.compute-1.amazonaws.com,1
621,slot0.topaws-zm.co,1
622,tor-exit20.stormycloud.org,1
623,unn-89-187-179-58.cdn77.com,1
624,scan-37a.shadowserver.org,1
625,181.118.94-183.supercanal.com.ar,1
626,178-79-165-147.ip.linodeusercontent.com,1
627,jerry-se-do-na-east-scanners-12.do.binaryedge.ninja,1
628,jerry-se-do-na-west-scanners-45.do.binaryedge.ninja,1
629,zl-ams-nl-gp3-wk102a.internet-census.org,1
630,ec2-52-38-27-180.us-west-2.compute.amazonaws.com,1
631,209.17.96.234.rdns.cloudsystemnetworks.com,1
632,scan-13.shadowserver.org,1
633,77.113.141.34.bc.googleusercontent.com,1
634,209.17.96.106.rdns.cloudsystemnetworks.com,1
635,gal1a3l.galacticmouse.press,1
636,ec2-3-88-91-84.compute-1.amazonaws.com,1
637,45-137-23-135.hosted-by-rootlayer.net,1
638,15.35.86.34.bc.googleusercontent.com,1
639,gem1a3l.geminiuse.space,1
640,755810.cloudwaysapps.com,1
641,9.35.86.34.bc.googleusercontent.com,1
642,1.130.96.34.bc.googleusercontent.com,1
643,static.97.184.132.142.clients.your-server.de,1
644,FL1-220-144-250-42.kng.mesh.ad.jp,1
645,241.76.92.111.asianet.co.in,1
646,1.162.77.34.bc.googleusercontent.com,1
647,zg-0308b-21.stretchoid.com,1
648,198-23-148-194-host.colocrossing.com,1
649,ec2-54-88-115-45.compute-1.amazonaws.com,1
650,ec2-3-101-13-138.us-west-1.compute.amazonaws.com,1
651,vps.iwishost.com,1
652,vmi380367.contaboserver.net,1
653,ec2-52-3-241-159.compute-1.amazonaws.com,1
654,slare-windows.weighhot.com,1
655,scan-05.shadowserver.org,1
656,209.17.97.2.rdns.cloudsystemnetworks.com,1
657,ec2-44-232-152-43.us-west-2.compute.amazonaws.com,1
658,209.17.96.10.rdns.cloudsystemnetworks.com,1
659,78.188.61.243.static.ttnet.com.tr,1
660,78.188.167.47.static.ttnet.com.tr,1
661,scan-57-10.security.ipip.net,1
662,sh-phx-us-gd12-wk102.internet-census.org,1
663,feral.idfnv.net,1
664,hostglobal50env2.com,1
665,16.130.96.34.bc.googleusercontent.com,1
666,scan-06.shadowserver.org,1
667,zl-lax-us-gp3-wk104a.internet-census.org,1
668,fort1.ativonotason.org,1
669,c-67-165-137-76.hsd1.il.comcast.net,1
670,edc43.app-autht.com,1
671,hostglobal50env1.com,1
672,ec2-35-86-230-124.us-west-2.compute.amazonaws.com,1
673,ec2-35-172-228-187.compute-1.amazonaws.com,1
674,zl-dal-us-gd8-wk103.internet-census.org,1
675,104.129.30.164.static.quadranet.com,1
676,reverse.hostingbb.com,1
677,c-24-0-32-78.hsd1.nj.comcast.net,1
678,13.35.86.34.bc.googleusercontent.com,1
679,23.35.86.34.bc.googleusercontent.com,1
680,209.17.96.90.rdns.cloudsystemnetworks.com,1
681,ec2-44-242-135-141.us-west-2.compute.amazonaws.com,1
682,vps-1f22174e.vps.ovh.net,1
683,scan-41a.shadowserver.org,1
684,210-61-41-25.hinet-ip.hinet.net,1
685,12.162.77.34.bc.googleusercontent.com,1
686,6.35.86.34.bc.googleusercontent.com,1
687,14.162.77.34.bc.googleusercontent.com,1
688,18.130.96.34.bc.googleusercontent.com,1
689,19.162.77.34.bc.googleusercontent.com,1
690,209.17.97.74.rdns.cloudsystemnetworks.com,1
691,1.35.86.34.bc.googleusercontent.com,1
692,22.35.86.34.bc.googleusercontent.com,1
693,17.162.77.34.bc.googleusercontent.com,1
694,180-196-189-31.area7a.commufa.jp,1
695,ip129.ip-51-222-228.net,1
696,zl-lax-us-gp3-wk111.internet-census.org,1
697,host-124-40-250-124.ldp.net.id,1
698,scan-01.shadowserver.org,1
699,zl-dal-us-gp3-wk107.internet-census.org,1
700,reverse.rain.network,1
701,5e0d05e2.bb.sky.com,1
702,27.35.86.34.bc.googleusercontent.com,1
703,zl-lax-us-gp3-wk105a.internet-census.org,1
704,209.17.96.210.rdns.cloudsystemnetworks.com,1
705,209.17.96.154.rdns.cloudsystemnetworks.com,1
706,98.93.195.35.bc.googleusercontent.com,1
707,a.lztmk.com,1
708,163-172-102-84.rev.poneytelecom.eu,1
709,14.35.86.34.bc.googleusercontent.com,1
710,shipping.shipitwith.us,1
711,185-189-182-234.rdns.connect-to-cloud.net,1
712,zlou.pleronstna.com,1
713,32.248.140.34.bc.googleusercontent.com,1
714,hostglobal50env4.com,1
715,ec2-34-224-32-129.compute-1.amazonaws.com,1
716,ip112.ip-51-81-165.us,1
717,zx2.quadmetrics.com,1
718,scan-38a.shadowserver.org,1
719,li-atl-us-gd4-wk101.internet-census.org,1
720,42.241.199.146.dyn.plus.net,1
721,lamest.pleronstna.com,1
722,zl-lax-us-gp3-wk110.internet-census.org,1
723,209.17.96.194.rdns.cloudsystemnetworks.com,1
724,maior.pleronstna.com,1
725,ec2-18-170-73-210.eu-west-2.compute.amazonaws.com,1
726,ec2-18-191-247-246.us-east-2.compute.amazonaws.com,1
727,209.17.97.58.rdns.cloudsystemnetworks.com,1
728,19.35.86.34.bc.googleusercontent.com,1
729,michael-kipp.com,1
730,m128.mediumthings.net,1
731,157.red-81-39-100.dynamicip.rima-tde.net,1
732,vmi792420.contaboserver.net,1
733,107-174-65-134-host.colocrossing.com,1
734,209.17.96.250.rdns.cloudsystemnetworks.com,1
735,ec2-3-95-192-223.compute-1.amazonaws.com,1
736,ec2-54-241-117-5.us-west-1.compute.amazonaws.com,1
737,209.17.96.202.rdns.cloudsystemnetworks.com,1
738,scan-15.shadowserver.org,1
739,158.54.211.130.bc.googleusercontent.com,1
740,optout.scanopticon.com,1
741,192-3-251-169-host.colocrossing.com,1
742,107-175-46-123-host.colocrossing.com,1
743,ec2-18-224-176-55.us-east-2.compute.amazonaws.com,1
744,upaenpalqov.co.uk,1
745,ec2-3-133-12-155.us-east-2.compute.amazonaws.com,1
746,ec2-44-202-23-255.compute-1.amazonaws.com,1
747,Dinamic-Tigo186-97-181-162.tigo.com.co,1
748,2.35.86.34.bc.googleusercontent.com,1
749,14.130.96.34.bc.googleusercontent.com,1
750,16.162.77.34.bc.googleusercontent.com,1
751,139.180.181.102.vultrusercontent.com,1
752,rtr01-prd-gro-nl.jorrit.pro,1
753,ec2-44-234-51-40.us-west-2.compute.amazonaws.com,1
754,scan-07.shadowserver.org,1
755,7.35.86.34.bc.googleusercontent.com,1
756,178-73-215-171-static.glesys.net,1
757,212-83-148-16.rev.poneytelecom.eu,1
758,zg-0308a-112.stretchoid.com,1
759,34.41.74.34.bc.googleusercontent.com,1
760,vmi707755.contaboserver.net,1
761,209.17.96.50.rdns.cloudsystemnetworks.com,1
762,zl-lax-us-gp3-wk112.internet-census.org,1
763,45-137-21-134.hosted-by-worldstream.net,1
764,ec2-52-59-191-142.eu-central-1.compute.amazonaws.com,1
765,185.173.35.13.netsystemsresearch.com,1
766,107-172-178-111-host.colocrossing.com,1
767,zl-dal-us-gp3-wk109.internet-census.org,1
768,scan-11.shadowserver.org,1
769,ec2-3-95-159-162.compute-1.amazonaws.com,1
770,209.17.96.218.rdns.cloudsystemnetworks.com,1
771,lfbn-rei-1-557-228.w90-109.abo.wanadoo.fr,1
772,hostedby.yourbestnetwork.net,1
773,freecouncil.net,1
774,096-033-074-150.res.spectrum.com,1
775,scan-10.shadowserver.org,1
776,zl-dal-us-gp3-wk108.internet-census.org,1
777,ec2-13-230-26-129.ap-northeast-1.compute.amazonaws.com,1
778,ec2-44-202-163-161.compute-1.amazonaws.com,1
779,116.62.233.35.bc.googleusercontent.com,1
780,tor-exit-56.for-privacy.net,1
781,ec2-3-92-77-254.compute-1.amazonaws.com,1
782,zl-ams-nl-gp3-wk103.internet-census.org,1
783,vps-6eac0550.vps.ovh.net,1
784,ec2-35-86-220-8.us-west-2.compute.amazonaws.com,1
785,homeuser57-95.ccl.perm.ru,1
786,recyber.net,1
787,ec2-52-91-126-253.compute-1.amazonaws.com,1
788,vps.seaexportchina.com,1
789,59-115-18-155.dynamic-ip.hinet.net,1
790,scan-42a.shadowserver.org,1
791,crawl-35-237-4-214.ptr.discord.com,1
792,ec2-18-215-170-147.compute-1.amazonaws.com,1
793,crawl-35-196-132-85.ptr.discord.com,1
794,95.6.10.45.static.ttnet.com.tr,1
795,home-office.eu.org,1
796,221.122.14.202.netplus.co.in,1
797,6-128.206.104.serverhubrdns.in-addr.arpa,1
798,ec2-35-161-102-169.us-west-2.compute.amazonaws.com,1
799,ec2-54-224-230-108.compute-1.amazonaws.com,1
800,vmi848790.contaboserver.net,1
801,mail984.zetabe.com,1
802,88.231.146.186.dynamic.ttnet.com.tr,1
803,torexit.razor.biz,1
804,lms.dohori.com,1
805,ec2-15-236-186-213.eu-west-3.compute.amazonaws.com,1
806,139-162-72-103.ip.linodeusercontent.com,1
807,172-245-21-135-host.colocrossing.com,1
808,ec2-18-208-106-232.compute-1.amazonaws.com,1
809,li-atl-us-gd1-wk101a.internet-census.org,1
810,78.181.101.167.dynamic.ttnet.com.tr,1
811,qahp.alplee.live,1
812,ns31410046.ip-145-239-154.eu,1
813,ec2-18-159-101-165.eu-central-1.compute.amazonaws.com,1
814,zg-0308a-117.stretchoid.com,1
815,ec2-3-90-80-192.compute-1.amazonaws.com,1
816,host-116.203-233-182.cable.dynamic.kbtelecom.net,1
817,209-122-241-80.s10818.c3-0.avec-cbr1.nyr-avec.ny.cable.rcncustomer.com,1
818,crawl-35-227-62-178.ptr.discord.com,1
819,li-dal-us-gd4-wk103a.internet-census.org,1
820,192-210-172-21-host.colocrossing.com,1
821,ec2-34-204-8-25.compute-1.amazonaws.com,1
822,81.213.111.10.dynamic.ttnet.com.tr,1
823,tor-exit-37.for-privacy.net,1
824,192-3-173-217-host.colocrossing.com,1
825,208.137.57.37.triolan.net,1
826,webmailhocpanel.com,1
827,vmi795537.contaboserver.net,1
828,a172-225-187-9.deploy.static.akamaitechnologies.com,1
829,scan-36a.shadowserver.org,1
830,upbox.tech,1
831,li-syd-au-gd4-wk107.internet-census.org,1
832,225.161.13.109.rev.sfr.net,1
833,99-61-102-104.lightspeed.btrgla.sbcglobal.net,1
834,ec2-3-84-222-146.compute-1.amazonaws.com,1
835,85.105.60.91.static.ttnet.com.tr,1
836,ec2-35-165-10-34.us-west-2.compute.amazonaws.com,1
837,81.213.157.232.dynamic.ttnet.com.tr,1
838,unn-89-187-173-251.cdn77.com,1
839,ec2-3-133-119-244.us-east-2.compute.amazonaws.com,1
840,35.98.77.34.bc.googleusercontent.com,1
841,178-79-183-212.ip.linodeusercontent.com,1
842,manager.markahost.com.tr,1
843,ec2-54-224-113-64.compute-1.amazonaws.com,1
844,68.13.199.104.bc.googleusercontent.com,1
845,badae23b.virtua.com.br,1
846,cbfd1.rederatural.com,1
847,198-46-233-60-host.colocrossing.com,1
848,mail.thestockbandit.com,1
849,132-240-171-181.fibertel.com.ar,1
850,ip-232-99-91-144.static.contabo.net,1
851,8.92.237.80.transtelecom.net,1
852,81-0-93-236.pool.digikabel.hu,1
853,1.nv.us.TORNODE.betechcompany.com,1
854,buenaveda.tempurl.host,1
855,5.35.86.34.bc.googleusercontent.com,1
856,185-3-95-254.ip.linodeusercontent.com,1
857,67-8-198-103.res.bhn.net,1
858,unassigned.quadranet.com,1
859,li-lon-uk-gd4-wk104a.internet-census.org,1
860,lithium.translantern.com,1
861,85.100.121.198.dynamic.ttnet.com.tr,1
862,178-79-155-253.ip.linodeusercontent.com,1
863,170-187-200-173.ip.linodeusercontent.com,1
864,235.110.68.116.asianet.co.in,1
865,ec2-3-226-247-61.compute-1.amazonaws.com,1
866,pc-132-78-46-190.cm.vtr.net,1
867,185.173.35.33.netsystemsresearch.com,1
868,scan-04.shadowserver.org,1
869,zg-0308a-81.stretchoid.com,1
870,77.red-81-38-99.dynamicip.rima-tde.net,1
871,70.116.247.35.bc.googleusercontent.com,1
872,ec2-34-201-20-38.compute-1.amazonaws.com,1
873,96.47.230.246.static.quadranet.com,1
874,95.9.36.106.static.ttnet.com.tr,1
875,zanos.hr,1
876,smk-tunasmedia.palapamedia.net.id,1
877,95.9.133.156.static.ttnet.com.tr,1
878,ip-72-167-47-168.ip.secureserver.net,1
879,ec2-3-238-134-16.compute-1.amazonaws.com,1
880,185-20-226-243.ovz.vps.regruhosting.ru,1
881,ec2-35-87-72-226.us-west-2.compute.amazonaws.com,1
882,ec2-35-88-120-90.us-west-2.compute.amazonaws.com,1
883,77.38.74.218.ipv4.telemach.net,1
884,212.156.145.10.static.turktelekom.com.tr,1
885,zg-0308a-79.stretchoid.com,1
886,zg-0308a-154.stretchoid.com,1
887,ec2-18-204-213-224.compute-1.amazonaws.com,1
888,pc-181-173-47-190.cm.vtr.net,1
889,ec2-34-212-178-169.us-west-2.compute.amazonaws.com,1
890,sh-phx-us-gp1-wk110.internet-census.org,1
891,ec2-13-229-47-253.ap-southeast-1.compute.amazonaws.com,1
892,123-195-153-2.dynamic.kbronet.com.tw,1
893,rnd.group-ib.com,1
894,2-55-229-45.redevirtualnet.com.br,1
895,smtp4.tianxiar.shap,1
896,ec2-3-83-137-228.compute-1.amazonaws.com,1
897,93-182-72-219.netonline.net,1
898,aeried.hitleur.org,1
899,inifinite.mooo.com,1
900,ec2-54-237-46-106.compute-1.amazonaws.com,1
901,scan-39a.shadowserver.org,1
902,78.168.140.122.dynamic.ttnet.com.tr,1
903,zg-0308a-141.stretchoid.com,1
904,tails.wubim.com,1
905,mx.stellarmx.co,1
906,38-37-91-200.iparatodos.com.ar,1
907,sh-ams-nl-gd11-wk103.internet-census.org,1
908,ec2-3-228-24-148.compute-1.amazonaws.com,1
909,bzq-218-170-52.red.bezeqint.net,1
910,ec2-18-118-4-0.us-east-2.compute.amazonaws.com,1
911,93-182-64-85.netonline.net,1
912,unn-89-187-177-74.cdn77.com,1
913,ubuntu20236109.aspadmin.net,1
914,ip-249-69-91-144.static.contabo.net,1
915,ec2-54-80-69-15.compute-1.amazonaws.com,1
916,piri211.tchelebi.io,1
917,vmi823851.contaboserver.net,1
918,ec2-35-88-42-247.us-west-2.compute.amazonaws.com,1
919,ec2-35-87-25-248.us-west-2.compute.amazonaws.com,1
920,scan-12.shadowserver.org,1
921,li151-123.members.linode.com,1
922,ec2-50-17-123-167.compute-1.amazonaws.com,1
923,136.96.80.79.rev.sfr.net,1
924,88.249.117.159.static.ttnet.com.tr,1
925,209.17.97.50.rdns.cloudsystemnetworks.com,1
926,0.130.96.34.bc.googleusercontent.com,1
927,15.162.77.34.bc.googleusercontent.com,1
928,29.130.96.34.bc.googleusercontent.com,1
929,ec2-35-84-191-254.us-west-2.compute.amazonaws.com,1
930,sh-chi-us-gd11-wk101.internet-census.org,1
931,114-40-182-86.dynamic-ip.hinet.net,1
932,scan-17.shadowserver.org,1
933,0.35.86.34.bc.googleusercontent.com,1
934,107-172-100-203-host.colocrossing.com,1
935,172-105-43-107.ip.linodeusercontent.com,1
936,8.162.77.34.bc.googleusercontent.com,1
937,ec2-52-34-225-115.us-west-2.compute.amazonaws.com,1
938,128-116-255-79.dyn.eolo.it,1
939,21.35.86.34.bc.googleusercontent.com,1
940,ec2-18-132-13-186.eu-west-2.compute.amazonaws.com,1
941,209.17.97.106.rdns.cloudsystemnetworks.com,1
942,195-154-62-232.rev.poneytelecom.eu,1
943,landry.probe.onyphe.net,1
944,31.162.77.34.bc.googleusercontent.com,1
945,4.130.96.34.bc.googleusercontent.com,1
946,209.17.97.90.rdns.cloudsystemnetworks.com,1
947,ec2-3-84-118-127.compute-1.amazonaws.com,1
948,24.130.96.34.bc.googleusercontent.com,1
949,scan-15n.shadowserver.org,1
950,16.35.86.34.bc.googleusercontent.com,1
951,209.17.96.42.rdns.cloudsystemnetworks.com,1
952,cpe-108-167-101-197.natsoe.res.rr.com,1
953,25.35.86.34.bc.googleusercontent.com,1
954,zg-0308a-87.stretchoid.com,1
955,18.162.77.34.bc.googleusercontent.com,1
956,ec2-52-91-159-54.compute-1.amazonaws.com,1
957,3.162.77.34.bc.googleusercontent.com,1
958,23-95-100-47-host.colocrossing.com,1
959,21.162.77.34.bc.googleusercontent.com,1
960,zl-dal-us-gd8-wk102.internet-census.org,1
961,ip-237-106-97-161.static.contabo.net,1
962,88.248.195.56.static.ttnet.com.tr,1
963,66-128.206.104.serverhubrdns.in-addr.arpa,1
964,209.17.96.114.rdns.cloudsystemnetworks.com,1
965,tor-exit-185.relayon.org,1
966,ATLANTIS.HRLZ.IO,1
967,209.17.97.10.rdns.cloudsystemnetworks.com,1
968,149.28.72.133.vultrusercontent.com,1
969,23-94-104-70-host.colocrossing.com,1
970,vmi712898.contaboserver.net,1
971,25.162.77.34.bc.googleusercontent.com,1
972,ec2-54-160-72-251.compute-1.amazonaws.com,1
973,82.30.130.223.netplus.co.in,1
974,ec2-35-89-23-161.us-west-2.compute.amazonaws.com,1
975,imp58-1_migr-88-125-76-209.fbx.proxad.net,1
976,178-79-138-195.ip.linodeusercontent.com,1
977,sh-chi-us-gd12-wk101.internet-census.org,1
978,ec2-100-25-171-174.compute-1.amazonaws.com,1
979,071-015-253-045.res.spectrum.com,1
980,fibhost-66-52-8.fibernet.hu,1
981,139.180.157.168.vultrusercontent.com,1
982,hosting10.tronicsat.com,1
983,ec2-18-184-43-208.eu-central-1.compute.amazonaws.com,1
984,176.30.130.223.netplus.co.in,1
985,ec2-18-219-224-242.us-east-2.compute.amazonaws.com,1
986,adsl-ull-231-157.41-151.wind.it,1
987,host239.teeatop.com,1
988,85.98.45.66.static.ttnet.com.tr,1
989,host-213-14-151-11.reverse.superonline.net,1
990,ec2-35-77-11-195.ap-northeast-1.compute.amazonaws.com,1
991,46-40-91-211.gabrovo.ddns.bulsat.com,1
992,jhakfh.cn,1
993,78.188.53.156.static.ttnet.com.tr,1
994,172-245-45-219-host.colocrossing.com,1
995,torexit.orwell2.syndicateguys.com,1
996,ip-107-78.jalawave.net.id,1
997,h133-171.pool185-166.dyn.tolna.net,1
998,ec2-44-226-207-120.us-west-2.compute.amazonaws.com,1
999,scan-09.shadowserver.org,1
1000,cm-84.215.179.60.get.no,1
1001,78.189.56.216.static.ttnet.com.tr,1
1002,ec2-100-26-233-72.compute-1.amazonaws.com,1
1003,ec2-13-250-125-76.ap-southeast-1.compute.amazonaws.com,1
1004,122.93.13.93.rev.sfr.net,1
1005,209.17.96.74.rdns.cloudsystemnetworks.com,1
1006,host-94-248-153-215.kabelnet.hu,1
1007,tor-exit11.stormycloud.org,1
1008,mail.akceptuj-regulamin.pl,1
1009,unn-156-146-54-87.cdn77.com,1
1010,scan-43a.shadowserver.org,1
1011,e-obrazovanje.eu,1
1012,ns3.altrosky.org,1
1013,ec2-3-236-176-25.compute-1.amazonaws.com,1
1014,209.17.97.42.rdns.cloudsystemnetworks.com,1
1015,220.114.231.35.bc.googleusercontent.com,1
1016,ec2-54-165-141-118.compute-1.amazonaws.com,1
1017,ec2-34-222-191-34.us-west-2.compute.amazonaws.com,1
1018,sh-phx-us-gd11-wk102.internet-census.org,1
1019,194-20-187-213.4all.it,1
1020,li-atl-us-gd4-wk102a.internet-census.org,1
1021,209-151-151-188.us-nyc1.upcloud.host,1
1022,host14750555.vodafone.com.tr,1
1023,178-79-170-239.ip.linodeusercontent.com,1
1024,ec2-35-77-9-245.ap-northeast-1.compute.amazonaws.com,1
1025,cust-147.keff.org,1
1026,ec2-54-157-25-174.compute-1.amazonaws.com,1
1027,n119236118217.netvigator.com,1
1028,209.17.96.66.rdns.cloudsystemnetworks.com,1
1029,209.17.96.2.rdns.cloudsystemnetworks.com,1
1030,ip230.208-100-26.static.steadfastdns.net,1
1031,host-45.4.100.234.canaldig.com.ar,1
1032,zg-0308d-133.stretchoid.com,1
