,option,path,requests
0,get,/.env,2833
1,post,/,2721
2,get,/,1750
3,post,/HNAP1/,92
4,head,/,70
5,get,/favicon.ico,59
6,options,/,47
7,get,/_profiler/phpinfo,45
8,get,/core/.env,45
9,get,/app/.env,43
10,get,/config/getuser,41
11,post,/boaform/admin/formLogin,36
12,get,/phpinfo.php,36
13,get,/boaform/admin/formLogin,36
14,get,/info.php,35
15,get,/robots.txt,33
16,get,/admin/.env,31
17,get,/laravel/.env,31
18,get,/api/.env,31
19,get,/setup.cgi,30
20,post,/GponForm/diag_Form,30
21,get,/phpinfo,29
22,get,/config/.env,28
23,get,/local/.env,26
24,get,/backend/.env,26
25,get,/cgi-bin/kerbynet,25
26,connect, 91.218.66.202:4444,25
27,get,/ab2g,25
28,get,/public/.env,25
29,get,/apps/.env,25
30,get, http://example.com/,25
31,get,/src/.env,24
32,get,/.env.bak,24
33,get,/.aws/credentials,24
34,get, http://3.69.174.211:80/phpmyadmin/scripts/setup.php,24
35,get,/config/aws.yml,23
36,get,/ab2h,23
37,get,/web/.env,23
38,get,/protected/.env,23
39,get,/docker/.env,23
40,get,/site/.env,23
41,get,/config.js,22
42,get,/rest/.env,22
43,get,/private/.env,22
44,get,/shared/.env,22
45,get,/cp/.env,22
46,get,/back/.env,22
47,get,/sitemap.xml,22
48,get,/system/.env,22
49,get,/development/.env,22
50,get,/aws.yml,22
51,get,/nice%20ports%2C/Tri%6Eity.txt%2ebak,22
52,get,/engine/.env,21
53,get,/frontend/.env,21
54,get,/vod_installer/.env,21
55,get,/login/.env,21
56,get,/server/.env,21
57,get,/master/.env,21
58,get,/dev/.env,21
59,get,//debug/default/view,21
60,get,/laravel-artisa/.env,20
61,get,/cli/.env,20
62,get,/application/.env,20
63,options, sip:n,20
64,get,/actuator/health,20
65,get,/project/.env,20
66,post,/cgi-bin/index2.asp,20
67,get,/document/.env,20
68,get,/search/.env,20
69,get,/framework/.env,20
70,get,/personal/.env,20
71,get,/auth/.env,20
72,get,/dependencies/.env,20
73,get,/vue/.env,20
74,get,/deployment/.env,20
75,get,/0bef,19
76,get,/hudson,18
77,get,//pinfo.php,17
78,get,//infos.php,17
79,get,/shell,17
80,get,//dashboard/phpinfo.php,17
81,get,//php-info.php,17
82,get,//linusadmin-phpinfo.php,17
83,get,//info.php,17
84,get,//php.php,17
85,get,//index.php,17
86,get,//phpinfo.php,17
87,get,//php_info.php,17
88,get,//test.php,17
89,get,//time.php,17
90,get,//i.php,17
91,get,//phpversion.php,17
92,get,/portal/redlion,17
93,get,//old_phpinfo.php,17
94,get,//temp.php,16
95,get,//asdf.php,16
96,get,//infophp.php,16
97,get, http://fuwu.sogou.com/404/index.html,15
98,get,/phpmyadmin/index.php,15
99,get,/debug/default/view,15
100,get, http://3.69.174.211:80/pma/scripts/setup.php,15
101,get,/.well-known/security.txt,14
102,get,/manager/html,13
103,get,/fuN3,13
104,get,/db/websql/index.php,13
105,get,/.git/config,12
106,get,/db/webadmin/index.php,12
107,get,/sql/phpmanager/index.php,12
108,get,/db/webdb/index.php,12
109,get,/admin/sqladmin/index.php,12
110,get, http://3.69.174.211:80/phpMyAdmin/scripts/setup.php,12
111,get,/index.php,12
112,get,/phpMyAdmin-5/index.php,12
113,get,/administrator/PMA/index.php,12
114,get,/_phpMyAdmin/index.php,12
115,get,/phpmy-admin/index.php,12
116,get,/administrator/phpmyadmin/index.php,11
117,get,/2phpmyadmin/index.php,11
118,get,/sql/phpmyadmin4/index.php,11
119,get,/phpmyadmin2013/index.php,11
120,get,/sql/phpmy-admin/index.php,11
121,get,/pma/index.php,11
122,get,/phpMyAdmin-4.9.7/index.php,11
123,get,/phpMyAdmin-5.1.0/index.php,11
124,get,/admin/sysadmin/index.php,11
125,get,/sql/sqladmin/index.php,11
126,get,/PMA/index.php,11
127,get,/sql/sqlweb/index.php,11
128,get,/db/db-admin/index.php,11
129,get,/sql/phpMyAdmin2/index.php,11
130,get,/shopdb/index.php,11
131,get,/sql/phpmyadmin5/index.php,11
132,get,/administrator/web/index.php,11
133,get,/sql/websql/index.php,11
134,get,/mysql/sqlmanager/index.php,11
135,get,/db/index.php,11
136,get,/administrator/admin/index.php,11
137,get,/sql/sql/index.php,11
138,get,/phpMyAdmin-3/index.php,11
139,get,/phpMyAdmin3/index.php,11
140,get,/dbadmin/index.php,11
141,get,/admin/phpmyadmin/index.php,11
142,get,/phpmyadmin2017/index.php,11
143,get,/phpMyAdmin1/index.php,11
144,get,/phpmyAdmin/index.php,11
145,get,/sql/webadmin/index.php,11
146,get,/sql/php-myadmin/index.php,11
147,get,/phpmyadmin2014/index.php,11
148,get,/_phpmyadmin/index.php,11
149,get,/database/index.php,11
150,get,/mysqlmanager/index.php,11
151,get,/phpmyadmin2/index.php,11
152,get,/admin/phpMyAdmin/index.php,11
153,get,/administrator/pma/index.php,11
154,get,/MyAdmin/index.php,11
155,get,/administrator/phpMyAdmin/index.php,11
156,get,/phpMyAdmin-5.1.1/index.php,11
157,get,/phpMyAdmin2/index.php,11
158,get,/mysql/web/index.php,11
159,get,/phpMyAdmin4/index.php,11
160,get,/phpmyadmin2019/index.php,11
161,get,/mysqladmin/index.php,11
162,get,/sql/myadmin/index.php,11
163,get,/phpmyadmin2011/index.php,11
164,get,/db/myadmin/index.php,11
165,get,/phpmyadmin5/index.php,11
166,get,/program/index.php,11
167,get,/mysql/index.php,11
168,get,/db/phpMyAdmin/index.php,11
169,get,/phpmyadmin2015/index.php,11
170,get,/db/phpMyAdmin-3/index.php,11
171,get,/mysql/pMA/index.php,11
172,get,/sql/phpMyAdmin/index.php,11
173,get,/mysql/pma/index.php,11
174,get,/sql/phpmyadmin3/index.php,11
175,get,/myadmin/index.php,11
176,get,/db/dbadmin/index.php,11
177,get,/db/phpmyadmin/index.php,11
178,get,/phpmyadmin4/index.php,11
179,get,/phpmyadmin3/index.php,11
180,get,/sql/webdb/index.php,11
181,get,/phpMyAdmin_/index.php,11
182,get,/mysql/mysqlmanager/index.php,11
183,get,/db/phpMyAdmin3/index.php,11
184,get,/php-myadmin/index.php,11
185,get,/phpmyadmin_/index.php,11
186,get,/mysql/admin/index.php,11
187,get,/php-my-admin/index.php,11
188,get,/admin/index.php,11
189,get,/mysql/db/index.php,11
190,get,/phpMyAdmin5/index.php,11
191,get,/administrator/db/index.php,11
192,get,/db/phpmyadmin3/index.php,11
193,get,/admin/db/index.php,11
194,get,/phpmyadmin2018/index.php,11
195,get,/db/dbweb/index.php,11
196,get,/admin/web/index.php,11
197,get,/sqlmanager/index.php,11
198,get,/phpmy/index.php,11
199,get,/phpmyadmin2020/index.php,11
200,get,/phpMyAdmin/index.php,11
201,get,/wp-content/plugins/portable-phpmyadmin/wp-pma-mod/index.php,11
202,get,/phpMyadmin/index.php,11
203,get,/mysql-admin/index.php,11
204,get,/phpmyadmin2012/index.php,11
205,get,/phpmyadmin1/index.php,11
206,get,/phpmyadmin2021/index.php,11
207,get,/sql/sql-admin/index.php,11
208,get,/phpmyadmin2016/index.php,11
209,get,/phppma/index.php,11
210,get,/phpMyAdmin-4/index.php,11
211,get,/mysql/dbadmin/index.php,11
212,head,/robots.txt,11
213,get,/vendor/phpunit/phpunit/src/Util/PHP/eval-stdin.php,11
214,get,/.git/head,10
215,get,/wp-includes/wlwmanifest.xml,10
216,get,/system_api.php,10
217,get,/c/version.js,10
218,get,/streaming/clients_live.php,10
219,get,/stalker_portal/c/version.js,10
220,get,/stream/live.php,10
221,get,/flu/403.html,10
222,get,/news/wp-includes/wlwmanifest.xml,10
223,get,/website/wp-includes/wlwmanifest.xml,10
224,get,/web/wp-includes/wlwmanifest.xml,10
225,get,/HNAP1/,9
226,get,/wp1/wp-includes/wlwmanifest.xml,9
227,get, http://5.188.210.227/echo.php,9
228,get,/2019/wp-includes/wlwmanifest.xml,9
229,post,/sdk,9
230,get,/ReportServer,9
231,get,/wp-login.php/,9
232,get,/evox/about,8
233,get,/HNAP1,8
234,get,/manager/text/list,8
235,get,/pinfo.php,7
236,get,/phpMyAdmin-5.1.2/index.php,7
237,get,/prod/.env,7
238,get,/php.php,7
239,get,/infophp.php,7
240,get,/php_info.php,7
241,get,/php-info.php,7
242,get,/db/phpmyadmin4/index.php,7
243,get,/db/phpMyAdmin-4/index.php,7
244,get,/phpMyAdmin-5.1.3/index.php,7
245,get, http://ip.ws.126.net/ipquery,7
246,get,/phpMyAdmin-5.2.0/index.php,7
247,get,/admin/pma/index.php,7
248,get,/phpmyadmin2022/index.php,7
249,get,/phpversion.php,7
250,get,/temp.php,7
251,get,/old_phpinfo.php,7
252,get,/asdf.php,7
253,get,/_phpmyadmin_/index.php,7
254,get,/linusadmin-phpinfo.php,7
255,get,/phpMyAdmin5.2/index.php,7
256,get,/i.php,7
257,get,/db/phpmyadmin5/index.php,7
258,get,/db/phpMyAdmin-5/index.php,7
259,get,/1phpmyadmin/index.php,7
260,get,/phpMyAdmin5.1/index.php,7
261,get, http://azenv.net/,6
262,get,/opt/env/.env,6
263,get,/beta/.env,6
264,get,/dashboard/phpinfo.php,6
265,get, http://3.69.174.211:80/mysql/scripts/setup.php,6
266,get,/admin/,6
267,get,/conf/.env,6
268,get,/infos.php,6
269,get,/cms/wp-includes/wlwmanifest.xml,6
270,get,/wp2/wp-includes/wlwmanifest.xml,6
271,get,/test.php,6
272,post,/_ignition/execute-solution,6
273,get,/time.php,6
274,get,/admin/config.php,6
275,get, http://169.254.169.254/latest/meta-data/,5
276,get,/database/.env,5
277,get,/kyc/.env,5
278,get,/www/.env,5
279,get,/laravel/core/.env,5
280,get,/pma2011/index.php,5
281,head, http://110.242.68.4/,5
282,get,/showLogin.cc,5
283,get,/wp-content/.env,5
284,get,//pma/scripts/setup.php,5
285,head, http://112.124.42.80:63435/,5
286,get,/muieblackcat,5
287,get,//phpMyAdmin/scripts/setup.php,5
288,get,//phpmyadmin/scripts/setup.php,5
289,get,/assets/css/pc/style.css,5
290,get,/pma2019/index.php,5
291,get,/bag2,5
292,get,/old/.env,5
293,get,/vendor/.env,5
294,get,/phpMyAdmin-5.1.1-english/index.php,4
295,get,/PMA2016/index.php,4
296,get,/new/.env,4
297,get,/library/.env,4
298,get,/wp-admin/.env,4
299,get,/pma2014/index.php,4
300,get,/pma2015/index.php,4
301,get,/phpMyAdmin-4.9.7-english/index.php,4
302,get,/pma2016/index.php,4
303,get,/phpMyAdmin-5.1.0-english/index.php,4
304,get,/PMA2014/index.php,4
305,get,/pma2020/index.php,4
306,get,/PMA2015/index.php,4
307,get,/PMA2019/index.php,4
308,get,/admin/pMA/index.php,4
309,get,//debug/default/view.html,4
310,get,/PMA2012/index.php,4
311,get,/PMA2020/index.php,4
312,get,/pma2013/index.php,4
313,get,/pma2021/index.php,4
314,get,/PMA2021/index.php,4
315,get,/pma2017/index.php,4
316,get, http://httpbin.org/ip,4
317,get,/_profiler/empty/search/results,4
318,get,/PMA2017/index.php,4
319,get,/PMA2013/index.php,4
320,get,/PMA2011/index.php,4
321,get, http://3.69.174.211:80/MyAdmin/scripts/setup.php,4
322,get, http://3.69.174.211:80/sqladmin/scripts/setup.php,4
323,get,/pma2018/index.php,4
324,get,/sito/wp-includes/wlwmanifest.xml,4
325,get,//MyAdmin/scripts/setup.php,4
326,get, http://3.69.174.211:80/phpmyadmin2/scripts/setup.php,4
327,get, http://3.69.174.211:80/phpmy/scripts/setup.php,4
328,get,/Telerik.Web.UI.WebResource.axd,4
329,get, http://3.69.174.211:80/sql/scripts/setup.php,4
330,get,/solr/,4
331,get, http://3.69.174.211:80/phpadmin/scripts/setup.php,4
332,get,/template/index2/assets/css/index720.css,4
333,get,/cgi-bin/luci,4
334,get, http://3.69.174.211:80/phpMyadmin/scripts/setup.php,4
335,get, http://3.69.174.211:80/PHPMYADMIN/scripts/setup.php,4
336,get, http://3.69.174.211:80/myadmin/scripts/setup.php,4
337,get, http://3.69.174.211:80/phpMyAdmin2/scripts/setup.php,4
338,get, http://3.69.174.211:80/ysqladmin/scripts/setup.php,4
339,get,/blog/.env,4
340,get,/index.html,4
341,get, http://3.69.174.211:80/phpMyAdmin-2.11.11.3/scripts/setup.php,4
342,get, http://3.69.174.211:80/phpMyAdmin-2.10.3/scripts/setup.php,4
343,get,/pma2012/index.php,4
344,get,/storage/.env,4
345,get, http://3.69.174.211:80/phpMyAdmin-2.11.10.1/scripts/setup.php,4
346,get, http://3.69.174.211:80/phpMyAdmin-2.10.1/scripts/setup.php,4
347,get,/cgi-bin/.env,4
348,get,/audio/.env,4
349,get,/app/config/.env,4
350,get, http://3.69.174.211:80/phpMyAdmin-2.11.11/scripts/setup.php,4
351,get, http://3.69.174.211:80/phpMyAdmin-2.11.1-rc1/scripts/setup.php,4
352,get, http://3.69.174.211:80/phpMyAdmin-2.10.0.2/scripts/setup.php,4
353,get,/PMA2018/index.php,4
354,get,/site/wp-includes/wlwmanifest.xml,4
355,get,/media/wp-includes/wlwmanifest.xml,3
356,get,/.env.backup,3
357,get,//frontend/web/debug/default/view,3
358,get,//web/debug/default/view,3
359,get, http://dyn.epicgifs.net/test6956.php,3
360,get,/f5F01DP05Te/Cvg37dv4ny76.php,3
361,post,/10,3
362,get,/services/stickers.php,3
363,get,//sapi/debug/default/view,3
364,post,/result%3Fhl%3Den%26meta%3Dvvnwppnloxhwtqccppbyhqmrwyswqen,3
365,get,/.env.production.local,3
366,get,/vendor/phpunit/phpunit/phpunit.xml,3
367,connect, 170.187.200.180:600,3
368,get,/vendor/laravel/.env,3
369,get,/wp-content/,3
370,get,/lib/.env,3
371,get,/app/etc/local.xml,3
372,connect, google.com:443,3
373,get,/ec2-3-69-174-211.eu-central-1.compute.amazonaws.com/.env,3
374,get,/sites/all/libraries/mailchimp/.env,3
375,get,/newsite/.env,3
376,get,/base/.env,3
377,get,/.env.local,3
378,get,/crm/.env,3
379,get,/shop/.env,3
380,get,/.env.prod,3
381,get,/pub/.env,2
382,get,/js/.env,2
383,get,/CFIDE/administrator/,2
384,get,/Library/.env,2
385,get,/libs/.env,2
386,get,/sitemaps/.env,2
387,get,/sites/.env,2
388,get,/public_root/.env,2
389,get,/.env.prod.local,2
390,get,/text4041647397624,2
391,connect, ver.movistarplus.es:443,2
392,connect, orangetv.orange.es:443,2
393,get,/script/.env,2
394,get,/scripts/.env,2
395,connect, news.sina.com.cn:443,2
396,get,/log/view,2
397,get,/javascript/.env,2
398,get,/sources/.env,2
399,get,/luci-static/bootstrap/favicon.ico,2
400,get,/manage/log/view,2
401,post,/account,2
402,get,/public_html/.env,2
403,get,/uploads/.env,2
404,connect, www.google.com:443,2
405,get,/text4041644698047,2
406,get,/lib../.git/config,2
407,get,/media../.git/config,2
408,get,/events../.git/config,2
409,get,/content../.git/config,2
410,get,/assets../.git/config,2
411,get,/css../.git/config,2
412,get, http://icanhazip.com/,2
413,get,/img../.git/config,2
414,get,/images../.git/config,2
415,get,/xmlrpc.php,2
416,get,/js../.git/config,2
417,get,/static../.git/config,2
418,get,/onebets/appYabo.json,2
419,get,/www-data/.env,2
420,get,/v1/.env,2
421,get,/text4041645653280,2
422,get,/text4041646208081,2
423,get,/text4041645123224,2
424,get,/heapdump,2
425,post,/Api/Session,2
426,get,/zabbix/,2
427,get,/login.html,2
428,get,/luci-static/top-iot/baima_bg.jpg,2
429,get,/text4041646829435,2
430,get,//myadmin/scripts/setup.php,2
431,get,/boxApi.php,2
432,get,//sitemap.xml,2
433,get,//robots.txt,2
434,get,//.well-known/security.txt,2
435,get,/hunmj_serverApi/test.php,2
436,get,/test/.env,2
437,get,/altibaseIntSearch/common/login.jsp,2
438,connect, ip.ws.126.net:443,2
439,get,/actuator/heapdump,2
440,get,/js-plugin/.env,2
441,get,/ftp/.env,2
442,get,/static/images/favicon.ico,2
443,get,/.env.example,2
444,get,/live/roominfos,2
445,get,/CFIDE/administrator/enter.cfm,2
446,get,/.env~,2
447,get,/.env.test.local,2
448,get,/.env.test,2
449,get,/.env.stage,2
450,get,/.env.save,2
451,get,/.env.sample.php,2
452,get,/.env.docker.dev,2
453,get,/text4041649309184,2
454,get,/.env.development.local,2
455,get,/.env.dev,2
456,get,/.docker/laravel/app/.env,2
457,get,/.docker/.env,2
458,get,/.c9/metadata/environment/.env,2
459,get,/frontend/vue/.env,2
460,get,/frontendfinaltest/.env,2
461,get,/ftpmaster/.env,2
462,get,/rk/632bb,2
463,connect, 139.162.231.52:600,2
464,get,/acme_challenges/.env,2
465,get,/acme-challenge/.env,2
466,get,/examples/vue-dashboard/backend/.env,2
467,get,/en/.env,2
468,get,/dotfiles/.env,2
469,get,/docker/app/.env,2
470,get,/doc/.env,2
471,get,/django/.env,2
472,get,/django-blog/.env,2
473,get,/django_project_path/.env,2
474,get,/cron/.env,2
475,get,/core/app/.env,2
476,get,/frontend/react/.env,2
477,get,/bookchain-client/.env,2
478,post,//~champiot/Laravel%20E2N%20test/tuto_laravel/vendor/phpunit/phpunit/src/Util/PHP/eval-stdin.php,2
479,post,/GO/1.php,2
480,get,/magmi/conf/magmi.ini,2
481,get,/administrator/.env,2
482,get,/admin-app/.env,2
483,get,/js/main.js,2
484,get,/bootstrap/.env,2
485,get,/TP/index.php,2
486,get,/text4041644170803,2
487,get,/TP/public/index.php,2
488,get,/frontend_dev.php,2
489,get,/autodiscover/autodiscover.json,2
490,post,/core/.env,2
491,"get,/adv,/cgi-bin/weblogin.cgi",2
492,connect, 45.81.234.68:4444,2
493,post,/doLogin,2
494,get,/demo/.env,2
495,get,/test/sqlite/SQLiteManager-1.2.0/SQLiteManager-1.2.0/main.php,1
496,post,//deportes/vendor/phpunit/phpunit/src/Util/PHP/eval-stdin.php,1
497,post,//dev_zarrel/vendor/phpunit/phpunit/src/Util/PHP/eval-stdin.php,1
498,post,//dev_grupo_total/vendor/phpunit/phpunit/src/Util/PHP/eval-stdin.php,1
499,post,//dev/vendor/phpunit/phpunit/src/Util/PHP/eval-stdin.php,1
500,post,//dev/test1/project/vendor/phpunit/phpunit/src/Util/PHP/eval-stdin.php,1
501,post,//dev/iscent/releases/20170811125232/vendor/phpunit/phpunit/src/Util/PHP/eval-stdin.php,1
502,post,//dev/intranet-broken/vendor/phpunit/phpunit/src/Util/PHP/eval-stdin.php,1
503,post,//deportes/api/vendor/phpunit/phpunit/src/Util/PHP/eval-stdin.php,1
504,post,//denuncias/vendor/phpunit/phpunit/src/Util/PHP/eval-stdin.php,1
505,post,//df2communitywebsite/vendor/phpunit/phpunit/src/Util/PHP/eval-stdin.php,1
506,post,//demos/laravel-sites/dev_grupo_total/vendor/phpunit/phpunit/src/Util/PHP/eval-stdin.php,1
507,post,//demos/dev_grupo_total/vendor/phpunit/phpunit/src/Util/PHP/eval-stdin.php,1
508,post,//demo/vendor/phpunit/phpunit/src/Util/PHP/eval-stdin.php,1
509,post,//datagen/vendor/phpunit/phpunit/src/Util/PHP/eval-stdin.php,1
510,post,//develop/vendor/phpunit/phpunit/src/Util/PHP/eval-stdin.php,1
511,post,//doae-production/vendor/phpunit/phpunit/src/Util/PHP/eval-stdin.php,1
512,get,/web.config,1
513,post,//digitalscience/vendor/phpunit/phpunit/src/Util/PHP/eval-stdin.php,1
514,post,//entmain/vendor/phpunit/phpunit/src/Util/PHP/eval-stdin.php,1
515,post,//emrDataGenerator/vendor/phpunit/phpunit/src/Util/PHP/eval-stdin.php,1
516,post,//emr/vendor/phpunit/phpunit/src/Util/PHP/eval-stdin.php,1
517,post,//empresasbrasil/production/api/vendor/phpunit/phpunit/src/Util/PHP/eval-stdin.php,1
518,post,//emediamarket-be/vendor/phpunit/phpunit/src/Util/PHP/eval-stdin.php,1
519,post,//elso1000nap-foto/vendor/phpunit/phpunit/src/Util/PHP/eval-stdin.php,1
520,post,//elections/app/vendor/phpunit/phpunit/src/Util/PHP/eval-stdin.php,1
521,post,//ecc/vendor/phpunit/phpunit/src/Util/PHP/eval-stdin.php,1
522,post,//ecc/laravel/vendor/phpunit/phpunit/src/Util/PHP/eval-stdin.php,1
523,post,//ecc/fashion_club/laravel/vendor/phpunit/phpunit/src/Util/PHP/eval-stdin.php,1
524,post,//ec/vendor/phpunit/phpunit/src/Util/PHP/eval-stdin.php,1
525,post,//e_detector/vendor/phpunit/phpunit/src/Util/PHP/eval-stdin.php,1
526,get,/sendmail.py,1
527,post,//drupal/vendor/phpunit/phpunit/src/Util/PHP/eval-stdin.php,1
528,post,//downtown_reforma/vendor/phpunit/phpunit/src/Util/PHP/eval-stdin.php,1
529,post,//dompdf-master/vendor/phpunit/phpunit/src/Util/PHP/eval-stdin.php,1
530,post,//database/vendor/phpunit/phpunit/src/Util/PHP/eval-stdin.php,1
531,post,//datagen/emrDataGenerator/vendor/phpunit/phpunit/src/Util/PHP/eval-stdin.php,1
532,get, http://62.171.147.55:85/,1
533,post,//darm/vendor/phpunit/phpunit/src/Util/PHP/eval-stdin.php,1
534,post,//c2b/vendor/phpunit/phpunit/src/Util/PHP/eval-stdin.php,1
535,post,//clientes/vendor/phpunit/phpunit/src/Util/PHP/eval-stdin.php,1
536,post,//client_billing/authorizenet/vendor/phpunit/phpunit/src/Util/PHP/eval-stdin.php,1
537,post,//casadosvidros/vendor/phpunit/phpunit/src/Util/PHP/eval-stdin.php,1
538,post,//careers/vendor/phpunit/phpunit/src/Util/PHP/eval-stdin.php,1
539,post,//campuslag/vendor/phpunit/phpunit/src/Util/PHP/eval-stdin.php,1
540,post,//cag/vendor/phpunit/phpunit/src/Util/PHP/eval-stdin.php,1
541,post,//cafe50/vendor/phpunit/phpunit/src/Util/PHP/eval-stdin.php,1
542,post,//c2c/vendor/phpunit/phpunit/src/Util/PHP/eval-stdin.php,1
543,post,//byroernne/vendor/phpunit/phpunit/src/Util/PHP/eval-stdin.php,1
544,post,//curso-styde/vendor/phpunit/phpunit/src/Util/PHP/eval-stdin.php,1
545,post,//buddha/vendor/phpunit/phpunit/src/Util/PHP/eval-stdin.php,1
546,post,//bowenpayments/bowenpay/vendor/phpunit/phpunit/src/Util/PHP/eval-stdin.php,1
547,post,//bots/vendor/phpunit/phpunit/src/Util/PHP/eval-stdin.php,1
548,post,//bots/globals/e_detector/vendor/phpunit/phpunit/src/Util/PHP/eval-stdin.php,1
549,post,//bmwstory/vendor/phpunit/phpunit/src/Util/PHP/eval-stdin.php,1
550,get,/agSearch/SQlite/main.php,1
551,post,//blog/www/vendor/phpunit/phpunit/src/Util/PHP/eval-stdin.php,1
552,post,//blog/wp-content/plugins/mm-plugin/inc/vendors/vendor/phpunit/phpunit/src/Util/PHP/eval-stdin.php,1
553,post,//clinicasoftware/app/vendor/phpunit/phpunit/src/Util/PHP/eval-stdin.php,1
554,post,//clinicasoftware/vendor/phpunit/phpunit/src/Util/PHP/eval-stdin.php,1
555,post,//cms/vendor/phpunit/phpunit/src/Util/PHP/eval-stdin.php,1
556,post,//compareip/vendor/phpunit/phpunit/src/Util/PHP/eval-stdin.php,1
557,post,//epayco-php/vendor/phpunit/phpunit/src/Util/PHP/eval-stdin.php,1
558,post,//ctevt/vendor/phpunit/phpunit/src/Util/PHP/eval-stdin.php,1
559,post,//csbank/vendor/phpunit/phpunit/src/Util/PHP/eval-stdin.php,1
560,post,//cronlab/vendor/phpunit/phpunit/src/Util/PHP/eval-stdin.php,1
561,post,//cron/vendor/phpunit/phpunit/src/Util/PHP/eval-stdin.php,1
562,post,//cron/php/vendor/phpunit/phpunit/src/Util/PHP/eval-stdin.php,1
563,post,//crm/vendor/phpunit/phpunit/src/Util/PHP/eval-stdin.php,1
564,post,//crea2019/app/vendor/phpunit/phpunit/src/Util/PHP/eval-stdin.php,1
565,post,//core/vendor/phpunit/phpunit/src/Util/PHP/eval-stdin.php,1
566,post,//core/app/vendor/phpunit/phpunit/src/Util/PHP/eval-stdin.php,1
567,post,//core/Datavase/vendor/phpunit/phpunit/src/Util/PHP/eval-stdin.php,1
568,post,//contact/vendor/phpunit/phpunit/src/Util/PHP/eval-stdin.php,1
569,post,//consulation/vendor/phpunit/phpunit/src/Util/PHP/eval-stdin.php,1
570,get,/SQLiteManager-1.2.4/main.php,1
571,post,//config/vendor/phpunit/phpunit/src/Util/PHP/eval-stdin.php,1
572,post,//concrete/vendor/phpunit/phpunit/src/Util/PHP/eval-stdin.php,1
573,post,//composer-master/vendor/phpunit/phpunit/src/Util/PHP/eval-stdin.php,1
574,post,//enventa/vendor/phpunit/phpunit/src/Util/PHP/eval-stdin.php,1
575,post,//epillTemporaryHolder/authenticate/vendor/phpunit/phpunit/src/Util/PHP/eval-stdin.php,1
576,post,//epayco/epayco-php/vendor/phpunit/phpunit/src/Util/PHP/eval-stdin.php,1
577,get,/sqlitemanager/main.php,1
578,get, http://www.1ucn.com/proxychecker/index.php,1
579,get,/onvif-http/snapshot,1
580,post,/room/memberJoinRoom,1
581,get,/setup.sh,1
582,get,/admin.php,1
583,get,/config.py,1
584,get,/luci-static/top-iot/favicon.ico,1
585,get,/settings.py,1
586,get,/SQLiteManager/main.php,1
587,post,//wp/wp-content/plugins/cloudflare/vendor/phpunit/phpunit/src/Util/PHP/eval-stdin.php,1
588,get,/Sendmail.py,1
589,post,/blog/xmlrpc.php,1
590,post,/xmlrpc.php,1
591,get,/phpmyadmin4.8.5/index.php,1
592,get,/pmd/index.php,1
593,post,//~champiot/tuto_laravel/vendor/phpunit/phpunit/src/Util/PHP/eval-stdin.php,1
594,get,/SQLite/main.php,1
595,post,//wp/wp-content/plugins/mm-plugin/inc/vendors/vendor/phpunit/phpunit/src/Util/PHP/eval-stdin.php,1
596,get,/config/mail.php~,1
597,get,/core/config.php~,1
598,get,/config.php~,1
599,get,/pv/spa112.cfg,1
600,get,/cgi-bin/downloadFlile.cgi,1
601,connect, 146.59.64.13:25562,1
602,connect, 146.59.64.13:25561,1
603,get,/common/info.cgi,1
604,get,/currentsetting.htm,1
605,get,/api/system/deviceinfo,1
606,get,/dniapi/userInfos,1
607,get, http://www.google.com/,1
608,get,/.sendgrid,1
609,get,/authentication/login.html,1
610,get, http://www.msftncsi.com/ncsi.txt,1
611,get,/sendgrid.env,1
612,get,/hudson/script,1
613,get,/script,1
614,get,/sqlite/main.php,1
615,get,/mail.js,1
616,get,/mail.php~,1
617,post,//wp/wp-content/plugins/dzs-videogallery/class_parts/vendor/phpunit/phpunit/src/Util/PHP/eval-stdin.php,1
618,post,//wp-content/themes/howto_wp/metabox/tests/phpunit/src/Util/PHP/eval-stdin.php,1
619,post,//epayco/vendor/phpunit/phpunit/src/Util/PHP/eval-stdin.php,1
620,post,//lib/phpunit/phpunit/Util/PHP/eval-stdin.php,1
621,post,//old/wp-content/plugins/mm-plugin/inc/vendors/vendor/phpunit/phpunit/src/Util/PHP/eval-stdin.php,1
622,post,//old/wp-content/plugins/dzs-videogallery/class_parts/vendor/phpunit/phpunit/src/Util/PHP/eval-stdin.php,1
623,post,//old/wp-content/plugins/cloudflare/vendor/phpunit/phpunit/src/Util/PHP/eval-stdin.php,1
624,post,//modules/pscartabandonmentpro/vendor/phpunit/phpunit/src/Util/PHP/eval-stdin.php,1
625,post,//modules/ps_facetedsearch/vendor/phpunit/phpunit/src/Util/PHP/eval-stdin.php,1
626,post,//modules/ps_checkout/vendor/phpunit/phpunit/src/Util/PHP/eval-stdin.php,1
627,post,//modules/gamification/vendor/phpunit/phpunit/src/Util/PHP/eval-stdin.php,1
628,post,//modules/autoupgrade/vendor/phpunit/phpunit/src/Util/PHP/eval-stdin.php,1
629,post,//lib/phpunit/Util/PHP/eval-stdin.php,1
630,post,//wp-content/themes/Divi-child/inc/meta/tests/phpunit/src/Util/PHP/eval-stdin.php,1
631,post,//experts-api/vendor/phpunit/phpunit/src/Util/PHP/eval-stdin.php,1
632,post,//eventos-deportivos/vendor/phpunit/phpunit/src/Util/PHP/eval-stdin.php,1
633,post,//ets/vendor/phpunit/phpunit/src/Util/PHP/eval-stdin.php,1
634,get,/main.php,1
635,post,//esurat/vendor/phpunit/phpunit/src/Util/PHP/eval-stdin.php,1
636,post,//espanadigital/vendor/phpunit/phpunit/src/Util/PHP/eval-stdin.php,1
637,post,//espanadigital/sitio/vendor/phpunit/phpunit/src/Util/PHP/eval-stdin.php,1
638,post,//epillTemporaryHolder/vendor/phpunit/phpunit/src/Util/PHP/eval-stdin.php,1
639,post,//panel/vendor/phpunit/phpunit/src/Util/PHP/eval-stdin.php,1
640,post,//phpunit/Util/PHP/eval-stdin.php%20,1
641,post,//phpunit/phpunit/Util/PHP/eval-stdin.php%20,1
642,post,//blog/wp-content/plugins/cloudflare/vendor/phpunit/phpunit/src/Util/PHP/eval-stdin.php,1
643,post,//wp-content/plugins/mm-plugin/inc/vendors/vendor/phpunit/phpunit/src/Util/PHP/eval-stdin.php,1
644,post,//wp-content/plugins/js_composer_theme/vendor/phpunit/src/Util/PHP/eval-stdin.php,1
645,post,//wp-content/plugins/jekyll-exporter/vendor/phpunit/phpunit/src/Util/PHP/eval-stdin.php,1
646,post,//wp-content/plugins/dzs-videogallery/class_parts/vendor/phpunit/phpunit/src/Util/PHP/eval-stdin.php,1
647,post,//wp-content/plugins/contact-form-7-to-database-extension/phpunit/src/Util/PHP/eval-stdin.php,1
648,post,//workspace/drupal/vendor/phpunit/phpunit/src/Util/PHP/eval-stdin.php,1
649,post,//wordpress/wp-content/plugins/mm-plugin/inc/vendors/vendor/phpunit/phpunit/src/Util/PHP/eval-stdin.php,1
650,post,//wordpress/wp-content/plugins/dzs-videogallery/class_parts/vendor/phpunit/phpunit/src/Util/PHP/eval-stdin.php,1
651,post,//wordpress/wp-content/plugins/cloudflare/vendor/phpunit/phpunit/src/Util/PHP/eval-stdin.php,1
652,post,//vendor/phpunit/phpunit/src/Util/PHP/eval-stdin.php,1
653,post,//vendor/phpunit/phpunit/Util/PHP/eval-stdin.php%20,1
654,post,//vendor/phpunit/Util/PHP/eval-stdin.php%20,1
655,post,//test/wp-content/plugins/mm-plugin/inc/vendors/vendor/phpunit/phpunit/src/Util/PHP/eval-stdin.php,1
656,post,//test/wp-content/plugins/dzs-videogallery/class_parts/vendor/phpunit/phpunit/src/Util/PHP/eval-stdin.php,1
657,post,//test/wp-content/plugins/cloudflare/vendor/phpunit/phpunit/src/Util/PHP/eval-stdin.php,1
658,post,//test/vendor/phpunit/phpunit/src/Util/PHP/eval-stdin.php,1
659,get,/SQlite/main.php,1
660,post,//blog/wp-content/plugins/dzs-videogallery/class_parts/vendor/phpunit/phpunit/src/Util/PHP/eval-stdin.php,1
661,post,//apde.edu.gt/vendor/phpunit/phpunit/src/Util/PHP/eval-stdin.php,1
662,post,//blog/vendor/phpunit/phpunit/src/Util/PHP/eval-stdin.php,1
663,get,//bkp/.env.copy,1
664,get,//core/.env.copy,1
665,get,//cron/.env.copy,1
666,get,//cronjob/.env.copy,1
667,get,//api/.env.copy,1
668,get,//app/.env.copy,1
669,get,//main/.env.copy,1
670,get,//stg/.env.copy,1
671,get,//test/.env.copy,1
672,get,//dash/.env.copy,1
673,get,//dashboard/.env.copy,1
674,get,//bkp/.env.backup,1
675,get,//bak/.env.backup,1
676,get,//core/.env.backup,1
677,get,//cron/.env.backup,1
678,get,//cronjob/.env.backup,1
679,get,//api/.env.backup,1
680,get,//app/.env.backup,1
681,get,//main/.env.backup,1
682,get,//stg/.env.backup,1
683,get,//test/.env.backup,1
684,get,//dash/.env.backup,1
685,get,//dashboard/.env.backup,1
686,get,//bkp/.env.test,1
687,get,//bak/.env.copy,1
688,get,//dashboard/.env.old,1
689,get,//test/.remote,1
690,get,//dash/.env.old,1
691,get,//dashboard/.remote,1
692,get,//bkp/.env.bak,1
693,get,//bak/.env.bak,1
694,get,//core/.env.bak,1
695,get,//cron/.env.bak,1
696,get,//cronjob/.env.bak,1
697,get,//api/.env.bak,1
698,get,//app/.env.bak,1
699,get,//main/.env.bak,1
700,get,//stg/.env.bak,1
701,get,//test/.env.bak,1
702,get,//dash/.env.bak,1
703,get,//dashboard/.env.bak,1
704,get,//bkp/.env.old,1
705,get,//bak/.env.old,1
706,get,//core/.env.old,1
707,get,//cron/.env.old,1
708,get,//cronjob/.env.old,1
709,get,//api/.env.old,1
710,get,//app/.env.old,1
711,get,//main/.env.old,1
712,get,//stg/.env.old,1
713,get,//test/.env.old,1
714,get,//bak/.env.test,1
715,get,//core/.env.test,1
716,get,//cron/.env.test,1
717,get,//cronjob/.env.test,1
718,post,//_staff/php/vendor/phpunit/phpunit/src/Util/PHP/eval-stdin.php,1
719,post,//academy2019/vendor/phpunit/phpunit/src/Util/PHP/eval-stdin.php,1
720,post,//acellemail/vendor/phpunit/phpunit/src/Util/PHP/eval-stdin.php,1
721,post,//admin/ckeditor/plugins/ajaxplorer/phpunit/src/Util/PHP/eval-stdin.php,1
722,post,//admin/vendor/phpunit/phpunit/src/Util/PHP/eval-stdin.php,1
723,post,//ads_qu_merge/vendor/phpunit/phpunit/src/Util/PHP/eval-stdin.php,1
724,post,//adv/advDesenvolvimento-1003/vendor/phpunit/phpunit/src/Util/PHP/eval-stdin.php,1
725,post,//adv/vendor/phpunit/phpunit/src/Util/PHP/eval-stdin.php,1
726,post,//adv2/vendor/phpunit/phpunit/src/Util/PHP/eval-stdin.php,1
727,post,//adv3/vendor/phpunit/phpunit/src/Util/PHP/eval-stdin.php,1
728,post,//advDesenvolvimento-1003/vendor/phpunit/phpunit/src/Util/PHP/eval-stdin.php,1
729,post,//advanced/vendor/phpunit/phpunit/src/Util/PHP/eval-stdin.php,1
730,post,//afasio/afasio/backend_Julia/vendor/phpunit/phpunit/src/Util/PHP/eval-stdin.php,1
731,post,//afasio/backend_Julia/vendor/phpunit/phpunit/src/Util/PHP/eval-stdin.php,1
732,post,//afasio/vendor/phpunit/phpunit/src/Util/PHP/eval-stdin.php,1
733,post,//agc_app/vendor/phpunit/phpunit/src/Util/PHP/eval-stdin.php,1
734,post,//albraj/vendor/phpunit/phpunit/src/Util/PHP/eval-stdin.php,1
735,post,//aliceapi/authorizenet/vendor/phpunit/phpunit/src/Util/PHP/eval-stdin.php,1
736,post,//aliceapi/client_billing/authorizenet/vendor/phpunit/phpunit/src/Util/PHP/eval-stdin.php,1
737,post,//all/spotbills/vendor/phpunit/phpunit/src/Util/PHP/eval-stdin.php,1
738,post,//all/vendor/phpunit/phpunit/src/Util/PHP/eval-stdin.php,1
739,post,//alpha.u2start.com/vendor/phpunit/phpunit/src/Util/PHP/eval-stdin.php,1
740,post,//alpha/vendor/phpunit/phpunit/src/Util/PHP/eval-stdin.php,1
741,post,//_staff/cron/php/vendor/phpunit/phpunit/src/Util/PHP/eval-stdin.php,1
742,post,//api.goover.city/release/composer/vendor/phpunit/phpunit/src/Util/PHP/eval-stdin.php,1
743,post,//api/vendor/phpunit/phpunit/src/Util/PHP/eval-stdin.php,1
744,post,//20170811125232/vendor/phpunit/phpunit/src/Util/PHP/eval-stdin.php,1
745,get,//api/.env.test,1
746,get,//app/.env.test,1
747,get,//main/.env.test,1
748,get,//stg/.env.test,1
749,get,//test/.env.test,1
750,get,//dash/.env.test,1
751,get,//dashboard/.env.test,1
752,connect, www.plex.tv:443,1
753,post,//172410101040/vendor/phpunit/phpunit/src/Util/PHP/eval-stdin.php,1
754,post,//1board/vendor/phpunit/phpunit/src/Util/PHP/eval-stdin.php,1
755,post,//2018/scholarship/vendor/phpunit/phpunit/src/Util/PHP/eval-stdin.php,1
756,post,//api1/vendor/phpunit/phpunit/src/Util/PHP/Template/eval-stdin.php,1
757,post,//2018/vendor/phpunit/phpunit/src/Util/PHP/eval-stdin.php,1
758,post,//2019/vendor/phpunit/phpunit/src/Util/PHP/eval-stdin.php,1
759,post,//2020/vendor/phpunit/phpunit/src/Util/PHP/eval-stdin.php,1
760,post,//4walls/vendor/phpunit/phpunit/src/Util/PHP/eval-stdin.php,1
761,post,//6p6/vendor/phpunit/phpunit/src/Util/PHP/eval-stdin.php,1
762,post,//AlkatreszProject/vendor/phpunit/phpunit/src/Util/PHP/eval-stdin.php,1
763,post,//Berg/vendor/phpunit/phpunit/src/Util/PHP/eval-stdin.php,1
764,post,//Cloudflare-CPanel-7.0.1/vendor/phpunit/phpunit/src/Util/PHP/eval-stdin.php,1
765,post,//Code/snippets/html2pdf-master/vendor/phpunit/phpunit/src/Util/PHP/eval-stdin.php,1
766,post,//_inc/vendor/stripe/stripe-php/vendor/phpunit/phpunit/src/Util/PHP/eval-stdin.php,1
767,get,//dash/.remote,1
768,get,//stg/.remote,1
769,post,//betanew/vendor/phpunit/phpunit/src/Util/PHP/eval-stdin.php,1
770,post,//apps/shopify/vendor/phpunit/phpunit/src/Util/PHP/eval-stdin.php,1
771,post,//app.rideforhopebahamas.com/main-app/app/vendor/phpunit/phpunit/src/Util/PHP/eval-stdin.php,1
772,post,//apitotsurvey/vendor/phpunit/phpunit/src/Util/PHP/eval-stdin.php,1
773,get,//PMA/scripts/setup.php,1
774,post,//apimotor/vendor/phpunit/phpunit/src/Util/PHP/eval-stdin.php,1
775,get,//admin/scripts/setup.php,1
776,get,//dbadmin/scripts/setup.php,1
777,get,//mysql/scripts/setup.php,1
778,get,//webdav/wickd.php,1
779,post,/actuator/env,1
780,get,/oauth/authorize,1
781,get,/hystrix/;a=a/__$%7BT%20%28java.lang.Runtime%29.getRuntime%28%29.exec%28%22nslookup%20c8knf2tiec4rf4odorm0cewa56yyyrkxq.oast.me%22%29%7D__::.x/,1
782,get,/pentaho/api/userrolelist/systemRoles,1
783,get,/api/userrolelist/systemRoles,1
784,post,//api_source/webservice/firebase/vendor/phpunit/phpunit/src/Util/PHP/eval-stdin.php,1
785,"get,/jolokia/exec/ch.qos.logback.classic:Name=default,Type=ch.qos.logback.classic.jmx.JMXConfigurator/reloadByURL/http:!/!/nonexistent:31337!/logback.xml",1
786,"get,/actuator/jolokia/exec/ch.qos.logback.classic:Name=default,Type=ch.qos.logback.classic.jmx.JMXConfigurator/reloadByURL/http:!/!/random:915!/logback.xml",1
787,post,/actuator/gateway/routes/26B6gy8rHqcMxaiWMpo0WtAfVD6,1
788,post,/actuator/gateway/refresh,1
789,delete,/actuator/gateway/routes/26B6gy8rHqcMxaiWMpo0WtAfVD6,1
790,post,//api_source/firebase/vendor/phpunit/phpunit/src/Util/PHP/eval-stdin.php,1
791,post,//api_muvin/vendor/phpunit/phpunit/src/Util/PHP/eval-stdin.php,1
792,get,/Main_Login.asp,1
793,post,//api5/vendor/phpunit/phpunit/src/Util/PHP/eval-stdin.php,1
794,post,//app/vendor/phpunit/phpunit/src/Util/PHP/eval-stdin.php,1
795,post,//apps/vendor/phpunit/phpunit/src/Util/PHP/eval-stdin.php,1
796,get,//main/.remote,1
797,post,//aptapi/vendor/phpunit/phpunit/src/Util/PHP/eval-stdin.php,1
798,post,//alquimialaravel/vendor/phpunit/phpunit/src/Util/PHP/eval-stdin.php,1
799,post,//begrand/vendor/phpunit/phpunit/src/Util/PHP/eval-stdin.php,1
800,post,//begrand/downtown_reforma/vendor/phpunit/phpunit/src/Util/PHP/eval-stdin.php,1
801,post,//beatricce/vendor/phpunit/phpunit/src/Util/PHP/eval-stdin.php,1
802,post,//bdi.talenta/vendor/phpunit/phpunit/src/Util/PHP/eval-stdin.php,1
803,post,//batin24/vendor/phpunit/phpunit/src/Util/PHP/eval-stdin.php,1
804,post,//batin24/back/vendor/phpunit/phpunit/src/Util/PHP/eval-stdin.php,1
805,post,//bank/vendor/phpunit/phpunit/src/Util/PHP/eval-stdin.php,1
806,post,//backup/vendor/phpunit/phpunit/src/Util/PHP/eval-stdin.php,1
807,post,//backend/vendor/phpunit/phpunit/src/Util/PHP/eval-stdin.php,1
808,post,//back/vendor/phpunit/phpunit/src/Util/PHP/eval-stdin.php,1
809,post,//b2c/vendor/phpunit/phpunit/src/Util/PHP/eval-stdin.php,1
810,post,//b2bapi/vendor/phpunit/phpunit/src/Util/PHP/eval-stdin.php,1
811,post,//b2b/vendor/phpunit/phpunit/src/Util/PHP/eval-stdin.php,1
812,post,//avastar/vendor/phpunit/phpunit/src/Util/PHP/eval-stdin.php,1
813,post,//autoupgrade/vendor/phpunit/phpunit/src/Util/PHP/eval-stdin.php,1
814,post,//authenticate/vendor/phpunit/phpunit/src/Util/PHP/eval-stdin.php,1
815,post,//auth/saml/extlib/simplesamlphp/vendor/phpunit/phpunit/src/Util/PHP/eval-stdin.php,1
816,post,//atoms/vendor/phpunit/phpunit/src/Util/PHP/eval-stdin.php,1
817,post,//atoms/raphaelfonseca/vendor/phpunit/phpunit/src/Util/PHP/eval-stdin.php,1
818,post,//atasem/vendor/phpunit/phpunit/src/Util/PHP/eval-stdin.php,1
819,post,//assets/vendor/phpunit/phpunit/src/Util/PHP/eval-stdin.php,1
820,post,//argotractorsrmi.net/publichtml/vendor/phpunit/phpunit/src/Util/PHP/eval-stdin.php,1
821,get, http://news.sina.com.cn/robots.txt,1
822,post,/dvr/cmd,1
823,get,/cgi-bin/.%2e/.git/config,1
824,post,//api5/vendor/phpunit/phpunit/src/Util/PHP/Template/eval-stdin.php,1
825,get,//blog/.env,1
826,get,//site/.env,1
827,get,//bkp/.env,1
828,get,//bak/.env,1
829,get,//core/.env,1
830,get,//cron/.env,1
831,get,//cronjob/.env,1
832,post,//api2/vendor/phpunit/phpunit/src/Util/PHP/Template/eval-stdin.php,1
833,post,//api1/vendor/phpunit/phpunit/src/Util/PHP/eval-stdin.php,1
834,get,//api/.env,1
835,get,//app/.env,1
836,get,//main/.env,1
837,get,//stg/.env,1
838,get,//test/.env,1
839,get,//dash/.env,1
840,get,//dashboard/.env,1
841,get,//bkp/.remote,1
842,get,//bak/.remote,1
843,get,//core/.remote,1
844,get,//cron/.remote,1
845,get,//cronjob/.remote,1
846,get,//api/.remote,1
847,get,//app/.remote,1
848,get,//blogs/.env,1
849,post,//api2/vendor/phpunit/phpunit/src/Util/PHP/eval-stdin.php,1
850,get,/.env.live,1
851,connect, www.dazn.com:443,1
852,post,//api4/vendor/phpunit/phpunit/src/Util/PHP/eval-stdin.php,1
853,get,/cgi-bin/.%2e/%2e%2e/.git/config,1
854,post,//api4/vendor/phpunit/phpunit/src/Util/PHP/Template/eval-stdin.php,1
855,connect, api1pdts.movistar.es:443,1
856,post,//api3/vendor/phpunit/phpunit/src/Util/PHP/eval-stdin.php,1
857,get,/phpmyadmin/,1
858,connect, www.hbomax.com:443,1
859,get,/sip8ebb95a80ff0bebaa06ab7eece4f91e1/e4e2e9eea1acefa1b4b8e0e5b0e3b3e7e2b6b5,1
860,get,/vicidial/admin.php,1
861,post,//api3/vendor/phpunit/phpunit/src/Util/PHP/Template/eval-stdin.php,1
862,get,/.remote,1
863,get,/.env.dev.local,1
864,get,/.env.old,1
865,get,/.env.staging,1
866,get,/.env.remote,1
867,get,/.env.copy,1
868,get,/.env.production,1
869,get,/.env.swp,1
870,get,/.env.bkp,1
871,get,/.env.development,1
872,get,/.local,1
873,get,/.production,1
874,post,//beta/vendor/phpunit/phpunit/src/Util/PHP/eval-stdin.php,1
875,get,/ui/.env,1
876,connect, 177.170.154.64:9009,1
877,get,/examples/with-firebase-authentication-serverless/.env,1
878,get,/Exercise.Frontend/train/.env,1
879,get,/Exercise.Frontend/.env,1
880,get,/exapi/.env,1
881,get,/examples/with-universal-configuration-build-time/.env,1
882,get,/examples/with-relay-modern/.env,1
883,get,/examples/with-react-relay-network-modern/.env,1
884,get,/examples/with-dotenv/.env,1
885,get,/fastlane/.env,1
886,get,/examples/with-cookie-auth-fauna/.env,1
887,get,/examples/web/.env,1
888,get,/examples/sdl-first/prisma/.env,1
889,get,/examples/sdl-first/.env,1
890,get,/examples/react-dashboard/backend/.env,1
891,get,/examples/drupal-separate-services/.env,1
892,get,/export/.env,1
893,get,/favicons/.env,1
894,get,/examples/10-subscriptions/.env,1
895,get,/Final_Project/kafka_twitter/.env,1
896,get,/fixtures/blocks/.env,1
897,get,/fisdom/fisdom/.env,1
898,get,/first-network/.env,1
899,get,/FIRST_CONFIG/.env,1
900,get,/finalVersion/lcomernbootcamp/projbackend/.env,1
901,get,/Final_Project/StartingFile/.env,1
902,get,/Final_Project/Airflow_Dag/.env,1
903,get,/favs/.env,1
904,get,/films/.env,1
905,get,/fileserver/.env,1
906,get,/files/.env,1
907,get,/fhir-api/.env,1
908,get,/fedex/.env,1
909,get,/FE/huey/.env,1
910,get,/examples/11-transactions/.env,1
911,get,/examples/09-production/.env,1
912,get,/docker-node-mongo-redis/.env,1
913,get,/dodoswap-client/.env,1
914,get,/env/dockers/php-apache/.env,1
915,get,/env/dockers/mariadb-test/.env,1
916,get,/env/.env,1
917,get,/e2e/.env,1
918,get,/downloads/.env,1
919,get,/download/.env,1
920,get,/docs/.env,1
921,get,/env/template/.env,1
922,get,/docker/webdav/.env,1
923,get,/docker/postgres/.env,1
924,get,/docker/examples/compose/.env,1
925,get,/docker/db/.env,1
926,get,/docker/database/.env,1
927,get,/docker/compose/withPostgres/.env,1
928,get,/env/example/.env,1
929,get,/environments/local/.env,1
930,get,/examples/08-performance/.env,1
931,get,/examples/01-simple-model/.env,1
932,get,/examples/07-feature-flags/.env,1
933,get,/examples/06-base-service/.env,1
934,get,/examples/05-migrations/.env,1
935,get,/examples/04-many-to-many-relationship/.env,1
936,get,/examples/03-one-to-many-relationship/.env,1
937,get,/examples/02-complex-example/.env,1
938,get,/examples/.env,1
939,get,/environments/production/.env,1
940,get,/example27-how-to-load-env/sample02/.env,1
941,get,/example27-how-to-load-env/sample01/.env,1
942,get,/example02-golang-package/import-underscore/.env,1
943,get,/example/.env,1
944,get,/errors/.env,1
945,get,/error/.env,1
946,get,/fixtures/fiber-debugger/.env,1
947,get,/fixtures/flight/.env,1
948,get,/fixtures/kitchensink/.env,1
949,get,/kodenames-server/.env,1
950,get,/lcomernbootcamp/projbackend/.env,1
951,get,/layout/.env,1
952,get,/latest/.env,1
953,get,/lab/.env,1
954,get,/Kubernetes/.env,1
955,get,/kolab-syncroton/.env,1
956,get,/kibana/.env,1
957,get,/ledger_sync/.env,1
958,get,/khanlinks/.env,1
959,get,/jupyter/.env,1
960,get,/jsrelay/.env,1
961,get,/items/.env,1
962,get,/InstantCV/server/.env,1
963,get,/install/.env,1
964,get,/leafer-app/.env,1
965,get,/legacy/tests/9.1.1,1
966,get,/flask_test_uploads/.env,1
967,get,/mail/.env,1
968,get,/media/.env,1
969,get,/manual/.env,1
970,get,/main/.env,1
971,get,/main_user/.env,1
972,get,/mailman/.env,1
973,get,/mailinabox/.env,1
974,get,/logging/.env,1
975,get,/legacy/tests/9.2.0,1
976,get,/log/.env,1
977,get,/linux/.env,1
978,get,/letsencrypt/.env,1
979,get,/lemonldap-ng-fr-doc/.env,1
980,get,/lemonldap-ng-doc/.env,1
981,get,/legal/.env,1
982,get,/img/.env,1
983,get,/images/.env,1
984,get,/Imagebord/.env,1
985,get,/front/src/.env,1
986,get,/grems-api/.env,1
987,get,/github-connect/.env,1
988,get,/gists/pusher,1
989,get,/gists/laravel,1
990,get,/gists/cache,1
991,get,/frontend/momentum-fe/.env,1
992,get,/front/.env,1
993,get,/image_data/.env,1
994,get,/front-end/.env,1
995,get,/front-empathy/.env,1
996,get,/front-app/.env,1
997,get,/fonts/.env,1
998,get,/font-icons/.env,1
999,get,/fm/.env,1
1000,get,/grems-frontend/.env,1
1001,get,/Hash/.env,1
1002,get,/hasura/.env,1
1003,get,/Helmetjs/.env,1
1004,get,/hgs-static/.env,1
1005,get,/higlass-website/.env,1
1006,get,/home/.env,1
1007,get,/horde/.env,1
1008,get,/hotpot-app-frontend/.env,1
1009,get,/htdocs/.env,1
1010,get,/html/.env,1
1011,get,/http/.env,1
1012,get,/httpboot/.env,1
1013,get,/HUNIV_migration/.env,1
1014,get,/icon/.env,1
1015,get,/icons/.env,1
1016,get,/ikiwiki/.env,1
1017,get,/docker/compose/withMongo/.env,1
1018,get,/docker-network-healthcheck/.env,1
1019,get,/mentorg-lava-docker/.env,1
1020,get,/agora/.env,1
1021,get,/app-order-client/.env,1
1022,get,/app_nginx_static_path/.env,1
1023,get,/app_dir/.env,1
1024,get,/api/src/.env,1
1025,get,/anaconda/.env,1
1026,get,/alpha/.env,1
1027,get,/adminer/.env,1
1028,get,/app/code/community/Nosto/Tagging/.env,1
1029,get,/actions-server/.env,1
1030,get,/acme/.env,1
1031,get,/31_structure_tests/.env,1
1032,get,/09-managing-state/end/vue-heroes/.env,1
1033,get,/09-managing-state/begin/vue-heroes/.env,1
1034,get,/08-routing/end/vue-heroes/.env,1
1035,get,/app/client/.env,1
1036,get,/app/config/dev/.env,1
1037,get,/07-accessing-data/end/vue-heroes/.env,1
1038,get,/Assignment4/.env,1
1039,get,/babel-plugin-dotenv/test/fixtures/filename/.env,1
1040,get,/babel-plugin-dotenv/test/fixtures/empty-values/.env,1
1041,get,/babel-plugin-dotenv/test/fixtures/dev-env/.env,1
1042,get,/babel-plugin-dotenv/test/fixtures/default/.env,1
1043,get,/babel-plugin-dotenv/test/fixtures/as-alias/.env,1
1044,get,/awstats/.env,1
1045,get,/Assignment3/.env,1
1046,get,/app/frontend/.env,1
1047,get,/assets/.env,1
1048,get,/asset_img/.env,1
1049,get,/Archipel/.env,1
1050,get,/apps/client/.env,1
1051,get,/app2-static/.env,1
1052,get,/app1-static/.env,1
1053,get,/08-routing/begin/vue-heroes/.env,1
1054,get,/07-accessing-data/begin/vue-heroes/.env,1
1055,get,/docker-elk/.env,1
1056,get,/api/geojson,1
1057,get,/static_new6/img/login_bg.png,1
1058,get,/static_new6/js/manifest.3ad1d5771e9b13dbdad2.js,1
1059,get,/admincp,1
1060,get,/forum,1
1061,get,/backend,1
1062,get,/login.action,1
1063,get,/.DS_Store,1
1064,get,/3000D00E0000FFFF3F0031313744373731343634304537353046007A7A7A7A7A7A7A7A7A7A7A7A7A7A7A0000000000000000000000000000000000000000000000000000000000000000000000000000000000000000000001000008047A7A7A7A7A7A7A7A7A0000000000000000000000000000000000000000000000000000000000000000,1
1065,get,/cgi-bin/.%2e/%2e%2e/%2e%2e/%2e%2e/%2e%2e/%2e%2e/%2e%2e/%2e%2e/%2e%2e/etc/hosts,1
1066,connect, leakix.net:443,1
1067,connect, fuwu.sogou.com:443,1
1068,get,/users/sign_up/users/sign_in,1
1069,post,/.env,1
1070,get,/stainfo.cgi,1
1071,get,/static_new6/css/app.7b22fa66c2af28f12bf32977d4b82694.css,1
1072,get,/js/app.e122814a.js,1
1073,get,/3-sequelize/final/.env,1
1074,get,/phpinfo/phpinfo.php,1
1075,get,/.vscode/.env,1
1076,get,/.gitlab-ci/.env,1
1077,get,/.env.php,1
1078,get,/_static/.env,1
1079,get,/__tests__/test-become/.env,1
1080,get,/phpinfo/phpinfo,1
1081,get,/identity/example,1
1082,get,/profiler/phpinfo,1
1083,get,/.aws/credential,1
1084,get,/stage/.env,1
1085,get,/uat/.env,1
1086,get,/myadmin/.env,1
1087,get,/production/.env,1
1088,get,/staging/.env,1
1089,get,/babel-plugin-dotenv/test/fixtures/override-value/.env,1
1090,get,/babel-plugin-dotenv/test/fixtures/prod-env/.env,1
1091,get,/back-end/app/.env,1
1092,get,/collected_static/.env,1
1093,get,/core/src/main/resources/org/jobrunr/dashboard/frontend/.env,1
1094,get,/core/persistence/.env,1
1095,get,/core/Datavase/.env,1
1096,get,/content/.env,1
1097,get,/ContainerRegistry/.env,1
1098,get,/community/.env,1
1099,get,/collab-connect-web-application/server/.env,1
1100,get,/counterwallet/.env,1
1101,get,/codenames-frontend/.env,1
1102,get,/CodeGolf.Web/ClientApp/.env,1
1103,get,/code/web/.env,1
1104,get,/code/api/.env,1
1105,get,/cmd/testdata/expected/dot_env/.env,1
1106,get,/clld_dir/.env,1
1107,get,/counterblockd/.env,1
1108,get,/cronlab/.env,1
1109,get,/backend/src/.env,1
1110,get,/delivery/.env,1
1111,get,/docker-compose/platform/.env,1
1112,get,/dist/.env,1
1113,get,/directories/.env,1
1114,get,/developerslv/.env,1
1115,get,/deploy/.env,1
1116,get,/demo-app/.env,1
1117,get,/default/.env,1
1118,get,/cryo_project/.env,1
1119,get,/dataset2/.env,1
1120,get,/dataset1/.env,1
1121,get,/data/.env,1
1122,get,/d/.env,1
1123,get,/custom/.env,1
1124,get,/css/.env,1
1125,get,/ClientApp/.env,1
1126,get,/client/src/.env,1
1127,get,/client/mutual-fund-app/.env,1
1128,get,/blob/.env,1
1129,get,/build/.env,1
1130,get,/bucoffea/.env,1
1131,get,/boxes/oracle-vagrant-boxes/OLCNE/.env,1
1132,get,/boxes/oracle-vagrant-boxes/Kubernetes/.env,1
1133,get,/boxes/oracle-vagrant-boxes/ContainerRegistry/.env,1
1134,get,/blue/.env,1
1135,get,/blankon/.env,1
1136,get,/client/.env,1
1137,get,/bitcoind/.env,1
1138,get,/bgoldd/.env,1
1139,get,/basic-network/.env,1
1140,get,/base_dir/.env,1
1141,get,/backup/.env,1
1142,get,/backendfinaltest/.env,1
1143,get,/cardea/backend/.env,1
1144,get,/cdw-backend/.env,1
1145,get,/ch2-mytodo/.env,1
1146,get,/ch6-mytodo/.env,1
1147,get,/ch6a-mytodo/.env,1
1148,get,/ch7-mytodo/.env,1
1149,get,/ch7a-mytodo/.env,1
1150,get,/ch8-mytodo/.env,1
1151,get,/ch8a-mytodo/.env,1
1152,get,/ch8b-mytodo/.env,1
1153,get,/Chai/.env,1
1154,get,/challenge/.env,1
1155,get,/challenges/.env,1
1156,get,/charts/liveObjects/.env,1
1157,get,/chat-client/.env,1
1158,get,/chiminey/.env,1
1159,get,/client-app/.env,1
1160,get,/memcached/.env,1
1161,get,/micro-app-react-communication/.env,1
1162,get,/IPis/3.69.174.211,1
1163,get,/tests/default_settings/v8.0/.env,1
1164,get,/tests/drupal-test/.env,1
1165,get,/tests/default_settings/v13.0/.env,1
1166,get,/tests/default_settings/v12.0/.env,1
1167,get,/tests/default_settings/v11.0/.env,1
1168,get,/tests/default_settings/v10.0/.env,1
1169,get,/tests/default_settings/v9.0/.env,1
1170,get,/tests/default_settings/v7.0/.env,1
1171,get,/tests/todo-react/.env,1
1172,get,/Tests/Application/.env,1
1173,get,/tests/.env,1
1174,get,/testing/docker/.env,1
1175,get,/testfiles/.env,1
1176,get,/test/integration/env-config/app/.env,1
1177,get,/test/fixtures/node_path/.env,1
1178,get,/tests/Integration/Environment/.env,1
1179,get,/testwork_json/.env,1
1180,get,/test/fixtures/app_types/node/.env,1
1181,get,/ts/prime/.env,1
1182,get,/urlmem-app/.env,1
1183,get,/upload/.env,1
1184,get,/upfiles/.env,1
1185,get,/unsplash-downloader/.env,1
1186,get,/unixtime/.env,1
1187,get,/ubuntu/.env,1
1188,get,/Travel_form/.env,1
1189,get,/theme_static/.env,1
1190,get,/tools/.env,1
1191,get,/tmp/.env,1
1192,get,/tiedostot/.env,1
1193,get,/thumbs/.env,1
1194,get,/thumb/.env,1
1195,get,/theme/.env,1
1196,get,/test/fixtures/app_types/rails/.env,1
1197,get,/test/fixtures/.env,1
1198,get,/static_prod/.env,1
1199,get,/style/.env,1
1200,get,/temanr9/.env,1
1201,get,/target/.env,1
1202,get,/system-config/.env,1
1203,get,/symfony/.env,1
1204,get,/stylesheets/.env,1
1205,get,/styles/.env,1
1206,get,/stats/.env,1
1207,get,/temp/.env,1
1208,get,/staticfiles/.env,1
1209,get,/static/.env,1
1210,get,/static-root/.env,1
1211,get,/static-html/.env,1
1212,get,/static-collected/.env,1
1213,get,/static_user/.env,1
1214,get,/temanr10/.env,1
1215,get,/template/.env,1
1216,get,/test/bdd/fixtures/vc-rest/.env,1
1217,get,/test/bdd/fixtures/demo/openapi/.env,1
1218,get,/test/bdd/fixtures/universalresolver/.env,1
1219,get,/test/bdd/fixtures/sidetree-mock/.env,1
1220,get,/test/bdd/fixtures/openapi-demo/.env,1
1221,get,/test/bdd/fixtures/edv-rest/.env,1
1222,get,/test/bdd/fixtures/did-rest/.env,1
1223,get,/test/bdd/fixtures/did-method-rest/.env,1
1224,get,/test/bdd/fixtures/demo/.env,1
1225,get,/templates/.env,1
1226,get,/test/bdd/fixtures/couchdb/.env,1
1227,get,/test/bdd/fixtures/agent-rest/.env,1
1228,get,/test/bdd/fixtures/adapter-rest/.env,1
1229,get,/test/aries-js-worker/fixtures/.env,1
1230,get,/test-network/addOrg3/.env,1
1231,get,/test-network/.env,1
1232,get,/User_info/.env,1
1233,get,/v2/.env,1
1234,get,/var/backup/.env,1
1235,get,/4.txt,1
1236,get,/TP/html/public/index.php,1
1237,get,/public/index.php,1
1238,get,/html/public/index.php,1
1239,get,/thinkphp/html/public/index.php,1
1240,get,/onebets-ecp/api/v1/floatingads,1
1241,get,/login.php,1
1242,get, http://google.com/,1
1243,get,/info,1
1244,get,/.hg,1
1245,get,/users/sign_in,1
1246,get,/menu.html,1
1247,get,/base.shtml,1
1248,get,/readme.txt,1
1249,get,/menu.aspx,1
1250,get,/elrekt.php,1
1251,get,/api/heapdump,1
1252,get,/vendor/github.com/gobuffalo/envy/.env,1
1253,get,/system/actuator/heapdump,1
1254,connect, api4.my-ip.io:443,1
1255,get, http://v4.ipv6-test.com/json/widgetdata.php,1
1256,connect, www.proxy-listen.de:443,1
1257,connect, api6.my-ip.io:443,1
1258,get, http://v6.ipv6-test.com/json/widgetdata.php,1
1259,get,/json/,1
1260,get,/admin/actuator/heapdump,1
1261,get,/manage/heapdump,1
1262,get,/manage/actuator/heapdump,1
1263,get,/management/actuator/heapdump,1
1264,get,/api/actuator/heapdump,1
1265,get,/system/heapdump,1
1266,get,/admin/heapdump,1
1267,get,/management/heapdump,1
1268,get,/docs/cplugError.html/,1
1269,get,/base.php,1
1270,get,/Portal/Portal.mwsl,1
1271,get,/Web/siteMariage/.env,1
1272,get,/whturk/.env,1
1273,get,/well-known/.env,1
1274,get,/webui/.env,1
1275,get,/webstatic/.env,1
1276,get,/websocket/.env,1
1277,get,/webroot_path/.env,1
1278,get,/web-dist/.env,1
1279,get,/server-status,1
1280,get,/vue/vuecli/.env,1
1281,get,/vue-end/vue-til/.env,1
1282,get,/vue_CRM/.env,1
1283,get,/vm-docker-compose/.env,1
1284,get,/videos/.env,1
1285,get,/vendor/github.com/subosito/gotenv/.env,1
1286,get,/windows/tests/9.2.x/.env,1
1287,get,/windows/tests/9.3.x/.env,1
1288,get,/xx-final/vue-heroes/.env,1
1289,get,/zmusic-frontend/.env,1
1290,get, http://ipinfo.io,1
1291,get,/cgi-bin/check_auth.cgi,1
1292,get,/wp-admin,1
1293,get,/cgi-bin/login.cgi,1
1294,get,/cgi-bin/main.cgi,1
1295,get,/cgi-bin/index.html,1
1296,get,/test/wp-includes/wlwmanifest.xml,1
1297,get,/www.dayday168.vip/index.html,1
1298,get,/client,1
1299,get, http://www.baidu.com/cache/global/img/gs.gif,1
1300,get,/start.jhtml,1
1301,get,/CSS/Miniweb.css,1
1302,get,/tHm3,1
1303,get,/static_root/.env,1
1304,get,/stackato-pkg/.env,1
1305,get,/micro-app-react/.env,1
1306,get,/parity/.env,1
1307,get,/playground/.env,1
1308,get,/pictures/.env,1
1309,get,/pfbe/.env,1
1310,get,/path/.env,1
1311,get,/patchwork/.env,1
1312,get,/Passportjs/.env,1
1313,get,/page-editor/.env,1
1314,get,/post-deployment/.vscode/.env,1
1315,get,/packed/.env,1
1316,get,/packages/web/.env,1
1317,get,/packages/styled-ui-docs/.env,1
1318,get,/packages/react-scripts/fixtures/kitchensink/template/.env,1
1319,get,/packages/plugin-qiankun/examples/master/.env,1
1320,get,/packages/plugin-qiankun/examples/app3/.env,1
1321,get,/plugin_static/.env,1
1322,get,/postfixadmin/.env,1
1323,get,/packages/plugin-qiankun/examples/app1/.env,1
1324,get,/question2/.env,1
1325,get,/redmine/.env,1
1326,get,/react_todo/.env,1
1327,get,/rasax/.env,1
1328,get,/rails-api/react-app/.env,1
1329,get,/rabbitmq-cluster/.env,1
1330,get,/qv-frontend/.env,1
1331,get,/pt8/library-backend-gql/.env,1
1332,get,/price_hawk_client/.env,1
1333,get,/pt2/countries/src/.env,1
1334,get,/psnlink/.env,1
1335,get,/project_root/.env,1
1336,get,/projbackend/.env,1
1337,get,/processor/.env,1
1338,get,/prisma/.env,1
1339,get,/packages/plugin-qiankun/examples/app2/.env,1
1340,get,/packages/plugin-analytics/src/fixtures/analytics-ga-key/.env,1
1341,get,/st-js-be-2020-movies-two/.env,1
1342,get,/moodledata/.env,1
1343,get,/new-js/.env,1
1344,get,/name/.env,1
1345,get,/MyRentals.Web/ClientApp/.env,1
1346,get,/music/.env,1
1347,get,/munki_repo/.env,1
1348,get,/msks/.env,1
1349,get,/monitoring/compose/.env,1
1350,get,/nginx-server/.env,1
1351,get,/mongodb/config/dev/.env,1
1352,get,/monerod/.env,1
1353,get,/Modix/ClientApp/.env,1
1354,get,/misc/.env,1
1355,get,/minified/.env,1
1356,get,/mindsweeper/gui/.env,1
1357,get,/news-app/.env,1
1358,get,/nginx/.env,1
1359,get,/packages/frontend/.env,1
1360,get,/option/.env,1
1361,get,/packages/client/.env,1
1362,get,/packages/app/.env,1
1363,get,/packages/api/.env,1
1364,get,/owncloud/.env,1
1365,get,/outputs/.env,1
1366,get,/orientdb-client/.env,1
1367,get,/ops/vagrant/.env,1
1368,get,/niffler-frontend/.env,1
1369,get,/oldsanta/.env,1
1370,get,/Nuke.App.Ui/.env,1
1371,get,/noVNC/.env,1
1372,get,/Nodejs-Projects/play-ground/ManageUserRoles/.env,1
1373,get,/Nodejs-Projects/play-ground/login/.env,1
1374,get,/node_modules/.env,1
1375,get,/repo/.env,1
1376,get,/repos/.env,1
1377,get,/repository/.env,1
1378,get,/shibboleth/.env,1
1379,get,/spearmint/.env,1
1380,get,/Sources/API/.env,1
1381,get,/Socketio/.env,1
1382,get,/sitestatic/.env,1
1383,get,/site-library/.env,1
1384,get,/Simple_server/.env,1
1385,get,/sessions/.env,1
1386,get,/SpotiApps/.env,1
1387,get,/services/traefik/.env,1
1388,get,/services/simcore/.env,1
1389,get,/services/registry/.env,1
1390,get,/services/redis-commander/.env,1
1391,get,/services/portainer/.env,1
1392,get,/services/monitoring/.env,1
1393,get,/spikes/config-material-app/.env,1
1394,get,/src/__tests__/__fixtures__/instanceWithDependentSteps/.env,1
1395,get,/resources/.env,1
1396,get,/src/gameprovider-service/.env,1
1397,get,/srv6_controller/node-manager/.env,1
1398,get,/srv6_controller/examples/.env,1
1399,get,/srv6_controller/controller/.env,1
1400,get,/src/renderer/.env,1
1401,get,/src/main/resources/archetype-resources/__rootArtifactId__-acceptance-test/src/test/resources/app-launcher-tile/.env,1
1402,get,/src/main/front-end/.env,1
1403,get,/src/core/tests/dotenv-files/.env,1
1404,get,/src/__tests__/__fixtures__/typeScriptIntegrationProject/.env,1
1405,get,/src/client/mobile/.env,1
1406,get,/src/character-service/.env,1
1407,get,/src/assembly/.env,1
1408,get,/src/add-auth/express/.env,1
1409,get,/src/__tests__/__fixtures__/typeScriptVisualizeProject/.env,1
1410,get,/src/__tests__/__fixtures__/typeScriptProject/.env,1
1411,get,/services/minio/.env,1
1412,get,/services/jaeger/.env,1
1413,get,/services/graylog/.env,1
1414,get,/results/.env,1
1415,get,/routes/.env,1
1416,get,/roundcubemail/.env,1
1417,get,/roundcube/.env,1
1418,get,/rosterBack/.env,1
1419,get,/root/.env,1
1420,get,/robots/.env,1
1421,get,/restapi/.env,1
1422,get,/services/documents/.env,1
1423,get,/resourcesync/.env,1
1424,get,/resources/docker/rediscommander/.env,1
1425,get,/resources/docker/rabbitmq/.env,1
1426,get,/resources/docker/phpmyadmin/.env,1
1427,get,/resources/docker/mysql/.env,1
1428,get,/resources/docker/.env,1
1429,get,/run/.env,1
1430,get,/rust-backend/.env,1
1431,get,/rust-backend/dao/.env,1
1432,get,/s-with-me-front/.env,1
1433,get,/saas/.env,1
1434,get,/samples/chatroom/chatroom-spa/.env,1
1435,get,/samples/docker/deploymentscripts/.env,1
1436,get,/scripts/fvt/.env,1
1437,get,/selfish-darling-backend/.env,1
1438,get,/Serve_time_server/.env,1
1439,get,/serve-browserbench/.env,1
1440,get,/Server_with_db/.env,1
1441,get,/server/config/.env,1
1442,get,/server/laravel/.env,1
1443,get,/server/src/persistence/.env,1
1444,get,/services/adminer/.env,1
1445,get,/services/deployment-agent/.env,1
1446,post,/cgi-bin/mainfunction.cgi,1
